-- phpMyAdmin SQL Dump
-- version 4.6.5.2
-- https://www.phpmyadmin.net/
--
-- Host: 127.0.0.1
-- Generation Time: 25-Abr-2017 às 21:31
-- Versão do servidor: 10.1.21-MariaDB
-- PHP Version: 7.1.1

SET SQL_MODE = "NO_AUTO_VALUE_ON_ZERO";
SET time_zone = "+00:00";


/*!40101 SET @OLD_CHARACTER_SET_CLIENT=@@CHARACTER_SET_CLIENT */;
/*!40101 SET @OLD_CHARACTER_SET_RESULTS=@@CHARACTER_SET_RESULTS */;
/*!40101 SET @OLD_COLLATION_CONNECTION=@@COLLATION_CONNECTION */;
/*!40101 SET NAMES utf8mb4 */;

--
-- Database: `alive_admin`
--

-- --------------------------------------------------------

--
-- Estrutura da tabela `abastecimentos`
--

CREATE TABLE `abastecimentos` (
  `_id` int(10) UNSIGNED NOT NULL,
  `tenant_id` int(10) UNSIGNED NOT NULL,
  `registro` int(11) DEFAULT NULL,
  `codigo` int(11) NOT NULL,
  `bomba_codigo` int(11) NOT NULL,
  `caixa_codigo` int(11) NOT NULL,
  `total_dinheiro` double(15,8) NOT NULL,
  `total_litros` double(15,8) NOT NULL,
  `preco` double(15,8) NOT NULL,
  `data` date DEFAULT NULL,
  `hora` time DEFAULT NULL,
  `created_at` timestamp NOT NULL DEFAULT '0000-00-00 00:00:00',
  `updated_at` timestamp NOT NULL DEFAULT '0000-00-00 00:00:00'
) ENGINE=InnoDB DEFAULT CHARSET=utf8 COLLATE=utf8_unicode_ci;

--
-- Extraindo dados da tabela `abastecimentos`
--

INSERT INTO `abastecimentos` (`_id`, `tenant_id`, `registro`, `codigo`, `bomba_codigo`, `caixa_codigo`, `total_dinheiro`, `total_litros`, `preco`, `data`, `hora`, `created_at`, `updated_at`) VALUES
(1, 1, 1, 1, 1, 4, 11.24000000, 10.01000000, 1.12300000, '2013-06-03', '10:55:00', '0000-00-00 00:00:00', '0000-00-00 00:00:00'),
(2, 1, 3, 25, 3, 4, 17.51000000, 15.60000000, 1.12300000, '2013-06-04', '11:22:00', '0000-00-00 00:00:00', '0000-00-00 00:00:00'),
(3, 1, 1, 27, 3, 4, 5.10000000, 4.55000000, 1.12300000, '2013-06-06', '10:06:00', '0000-00-00 00:00:00', '0000-00-00 00:00:00'),
(4, 1, 1, 28, 1, 4, 8.75000000, 7.80000000, 1.12300000, '2013-06-04', '10:44:00', '0000-00-00 00:00:00', '0000-00-00 00:00:00'),
(5, 1, 3, 29, 3, 4, 9.92000000, 8.84000000, 1.12300000, '2013-06-06', '10:12:00', '0000-00-00 00:00:00', '0000-00-00 00:00:00'),
(6, 1, 4, 30, 3, 4, 11.24000000, 10.01000000, 1.12300000, '2013-06-06', '10:28:00', '0000-00-00 00:00:00', '0000-00-00 00:00:00'),
(7, 1, 2, 31, 3, 4, 5.25000000, 4.68000000, 1.12300000, '2013-06-06', '10:12:00', '0000-00-00 00:00:00', '0000-00-00 00:00:00'),
(8, 1, 4, 32, 4, 4, 16.20000000, 14.43000000, 1.12300000, '2013-06-04', '11:24:00', '0000-00-00 00:00:00', '0000-00-00 00:00:00'),
(9, 1, 5, 33, 3, 4, 10.21000000, 9.10000000, 1.12300000, '2013-06-06', '10:38:00', '0000-00-00 00:00:00', '0000-00-00 00:00:00'),
(10, 1, 6, 34, 3, 4, 7.88000000, 7.02000000, 1.12300000, '2013-06-06', '10:46:00', '0000-00-00 00:00:00', '0000-00-00 00:00:00'),
(11, 1, 7, 35, 3, 4, 8.17000000, 7.28000000, 1.12300000, '2013-06-06', '10:48:00', '0000-00-00 00:00:00', '0000-00-00 00:00:00'),
(12, 1, 2, 36, 2, 4, 9.34000000, 8.32000000, 1.12300000, '2013-06-04', '11:22:00', '0000-00-00 00:00:00', '0000-00-00 00:00:00'),
(13, 1, 9, 37, 3, 4, 11.38000000, 10.14000000, 1.12300000, '2013-06-06', '11:08:00', '0000-00-00 00:00:00', '0000-00-00 00:00:00'),
(14, 1, 8, 38, 3, 4, 11.38000000, 10.14000000, 1.12300000, '2013-06-06', '10:51:00', '0000-00-00 00:00:00', '0000-00-00 00:00:00'),
(15, 1, 5, 39, 5, 4, 12.55000000, 11.18000000, 1.12300000, '2013-06-04', '11:27:00', '0000-00-00 00:00:00', '0000-00-00 00:00:00'),
(16, 1, 10, 40, 3, 4, 8.90000000, 7.93000000, 1.12300000, '2013-06-06', '11:09:00', '0000-00-00 00:00:00', '0000-00-00 00:00:00'),
(17, 1, 11, 41, 3, 4, 13.28000000, 11.83000000, 1.12300000, '2013-06-06', '11:09:00', '0000-00-00 00:00:00', '0000-00-00 00:00:00'),
(18, 1, 15, 42, 2, 4, 11.53000000, 10.27000000, 1.12300000, '2013-06-06', '11:19:00', '0000-00-00 00:00:00', '0000-00-00 00:00:00'),
(19, 1, 13, 43, 3, 4, 12.55000000, 11.18000000, 1.12300000, '2013-06-06', '11:19:00', '0000-00-00 00:00:00', '0000-00-00 00:00:00'),
(20, 1, 14, 44, 1, 4, 8.46000000, 7.54000000, 1.12300000, '2013-06-06', '11:19:00', '0000-00-00 00:00:00', '0000-00-00 00:00:00'),
(21, 1, 12, 45, 1, 4, 6.13000000, 5.46000000, 1.12300000, '2013-06-06', '11:09:00', '0000-00-00 00:00:00', '0000-00-00 00:00:00'),
(22, 1, 16, 46, 3, 4, 10.94000000, 9.75000000, 1.12300000, '2013-06-06', '11:34:00', '0000-00-00 00:00:00', '0000-00-00 00:00:00'),
(23, 1, 4, 47, 4, 4, 5.83000000, 5.20000000, 1.12300000, '2013-06-06', '14:32:00', '0000-00-00 00:00:00', '0000-00-00 00:00:00'),
(24, 1, 1, 48, 1, 4, 10.94000000, 9.75000000, 1.12300000, '2013-06-06', '14:32:00', '0000-00-00 00:00:00', '0000-00-00 00:00:00'),
(25, 1, 5, 49, 1, 4, 6.27000000, 5.59000000, 1.12300000, '2013-06-06', '14:32:00', '0000-00-00 00:00:00', '0000-00-00 00:00:00'),
(26, 1, 3, 50, 3, 4, 12.84000000, 11.44000000, 1.12300000, '2013-06-06', '14:32:00', '0000-00-00 00:00:00', '0000-00-00 00:00:00');

-- --------------------------------------------------------

--
-- Estrutura da tabela `bomba`
--

CREATE TABLE `bomba` (
  `id` int(10) UNSIGNED NOT NULL,
  `tenant_id` int(10) UNSIGNED NOT NULL,
  `codigo` int(11) NOT NULL,
  `numero` int(11) NOT NULL,
  `bomba` int(11) NOT NULL,
  `tanque_codigo` int(11) NOT NULL,
  `encerrante` double(15,8) NOT NULL,
  `created_at` timestamp NOT NULL DEFAULT '0000-00-00 00:00:00',
  `updated_at` timestamp NOT NULL DEFAULT '0000-00-00 00:00:00'
) ENGINE=InnoDB DEFAULT CHARSET=utf8 COLLATE=utf8_unicode_ci;

--
-- Extraindo dados da tabela `bomba`
--

INSERT INTO `bomba` (`id`, `tenant_id`, `codigo`, `numero`, `bomba`, `tanque_codigo`, `encerrante`, `created_at`, `updated_at`) VALUES
(1, 1, 1, 1, 1, 1, 1597.53600000, '0000-00-00 00:00:00', '0000-00-00 00:00:00'),
(2, 1, 2, 2, 1, 2, 564.95000000, '0000-00-00 00:00:00', '0000-00-00 00:00:00'),
(3, 1, 3, 3, 2, 3, 251.48000000, '0000-00-00 00:00:00', '0000-00-00 00:00:00'),
(4, 1, 4, 4, 2, 4, 260.38000000, '0000-00-00 00:00:00', '0000-00-00 00:00:00'),
(5, 1, 5, 5, 3, 5, 269.49000000, '0000-00-00 00:00:00', '0000-00-00 00:00:00'),
(6, 1, 6, 6, 3, 6, 195.12000000, '0000-00-00 00:00:00', '0000-00-00 00:00:00'),
(7, 1, 7, 7, 4, 7, 152.23000000, '0000-00-00 00:00:00', '0000-00-00 00:00:00'),
(8, 1, 8, 8, 4, 8, 158.34000000, '0000-00-00 00:00:00', '0000-00-00 00:00:00'),
(9, 1, 9, 9, 5, 9, 156.13000000, '0000-00-00 00:00:00', '0000-00-00 00:00:00'),
(10, 1, 10, 10, 5, 10, 146.51000000, '0000-00-00 00:00:00', '0000-00-00 00:00:00'),
(11, 1, 11, 11, 6, 11, 150.41000000, '0000-00-00 00:00:00', '0000-00-00 00:00:00'),
(12, 1, 12, 12, 6, 12, 153.79000000, '0000-00-00 00:00:00', '0000-00-00 00:00:00'),
(13, 1, 13, 13, 7, 13, 159.90000000, '0000-00-00 00:00:00', '0000-00-00 00:00:00'),
(14, 1, 14, 14, 7, 2, 145.59000000, '0000-00-00 00:00:00', '0000-00-00 00:00:00'),
(15, 1, 15, 15, 8, 3, 140.79000000, '0000-00-00 00:00:00', '0000-00-00 00:00:00'),
(16, 1, 16, 16, 8, 1, 153.14000000, '0000-00-00 00:00:00', '0000-00-00 00:00:00');

-- --------------------------------------------------------

--
-- Estrutura da tabela `caixa`
--

CREATE TABLE `caixa` (
  `_id` int(10) UNSIGNED NOT NULL,
  `tenant_id` int(10) UNSIGNED NOT NULL,
  `codigo` int(11) NOT NULL,
  `numero` int(11) NOT NULL,
  `funcionario` varchar(50) COLLATE utf8_unicode_ci NOT NULL,
  `situacao` varchar(50) COLLATE utf8_unicode_ci NOT NULL,
  `valor_inicial` double(15,8) NOT NULL,
  `data_abertura` date DEFAULT NULL,
  `data_fechamento` date DEFAULT NULL,
  `hora_abertura` time DEFAULT NULL,
  `hora_fechamento` time DEFAULT NULL,
  `created_at` timestamp NOT NULL DEFAULT '0000-00-00 00:00:00',
  `updated_at` timestamp NOT NULL DEFAULT '0000-00-00 00:00:00'
) ENGINE=InnoDB DEFAULT CHARSET=utf8 COLLATE=utf8_unicode_ci;

--
-- Extraindo dados da tabela `caixa`
--

INSERT INTO `caixa` (`_id`, `tenant_id`, `codigo`, `numero`, `funcionario`, `situacao`, `valor_inicial`, `data_abertura`, `data_fechamento`, `hora_abertura`, `hora_fechamento`, `created_at`, `updated_at`) VALUES
(1, 1, 4, 4, 'FUNCIONÁRIO PADRÃO', 'FECHADO', 0.00000000, '2013-06-03', '2013-06-06', '10:46:00', '14:46:00', '0000-00-00 00:00:00', '0000-00-00 00:00:00');

-- --------------------------------------------------------

--
-- Estrutura da tabela `cor_profile`
--

CREATE TABLE `cor_profile` (
  `id` int(10) UNSIGNED NOT NULL,
  `cor` varchar(10) COLLATE utf8_unicode_ci NOT NULL,
  `descricao` varchar(50) COLLATE utf8_unicode_ci NOT NULL,
  `created_at` timestamp NOT NULL DEFAULT '0000-00-00 00:00:00',
  `updated_at` timestamp NOT NULL DEFAULT '0000-00-00 00:00:00'
) ENGINE=InnoDB DEFAULT CHARSET=utf8 COLLATE=utf8_unicode_ci;

--
-- Extraindo dados da tabela `cor_profile`
--

INSERT INTO `cor_profile` (`id`, `cor`, `descricao`, `created_at`, `updated_at`) VALUES
(1, '#4f5f6f', 'dimgray', '0000-00-00 00:00:00', '0000-00-00 00:00:00'),
(2, '#7d8880', 'gray', '0000-00-00 00:00:00', '0000-00-00 00:00:00'),
(3, '#ff6161', 'tomato', '0000-00-00 00:00:00', '0000-00-00 00:00:00'),
(4, '#008000', 'green', '0000-00-00 00:00:00', '0000-00-00 00:00:00'),
(5, '#6abdec', 'skyblue', '0000-00-00 00:00:00', '0000-00-00 00:00:00'),
(6, '#fa73f5', 'violet', '0000-00-00 00:00:00', '0000-00-00 00:00:00'),
(7, '#4f5f6f', 'dimgray', '0000-00-00 00:00:00', '0000-00-00 00:00:00'),
(8, '#7d8880', 'gray', '0000-00-00 00:00:00', '0000-00-00 00:00:00'),
(9, '#ff6161', 'tomato', '0000-00-00 00:00:00', '0000-00-00 00:00:00'),
(10, '#008000', 'green', '0000-00-00 00:00:00', '0000-00-00 00:00:00'),
(11, '#6abdec', 'skyblue', '0000-00-00 00:00:00', '0000-00-00 00:00:00'),
(12, '#fa73f5', 'violet', '0000-00-00 00:00:00', '0000-00-00 00:00:00'),
(13, '#4f5f6f', 'dimgray', '0000-00-00 00:00:00', '0000-00-00 00:00:00'),
(14, '#7d8880', 'gray', '0000-00-00 00:00:00', '0000-00-00 00:00:00'),
(15, '#ff6161', 'tomato', '0000-00-00 00:00:00', '0000-00-00 00:00:00'),
(16, '#008000', 'green', '0000-00-00 00:00:00', '0000-00-00 00:00:00'),
(17, '#6abdec', 'skyblue', '0000-00-00 00:00:00', '0000-00-00 00:00:00'),
(18, '#fa73f5', 'violet', '0000-00-00 00:00:00', '0000-00-00 00:00:00'),
(19, '#4f5f6f', 'dimgray', '0000-00-00 00:00:00', '0000-00-00 00:00:00'),
(20, '#7d8880', 'gray', '0000-00-00 00:00:00', '0000-00-00 00:00:00'),
(21, '#ff6161', 'tomato', '0000-00-00 00:00:00', '0000-00-00 00:00:00'),
(22, '#008000', 'green', '0000-00-00 00:00:00', '0000-00-00 00:00:00'),
(23, '#6abdec', 'skyblue', '0000-00-00 00:00:00', '0000-00-00 00:00:00'),
(24, '#fa73f5', 'violet', '0000-00-00 00:00:00', '0000-00-00 00:00:00'),
(25, '#4f5f6f', 'dimgray', '0000-00-00 00:00:00', '0000-00-00 00:00:00'),
(26, '#7d8880', 'gray', '0000-00-00 00:00:00', '0000-00-00 00:00:00'),
(27, '#ff6161', 'tomato', '0000-00-00 00:00:00', '0000-00-00 00:00:00'),
(28, '#008000', 'green', '0000-00-00 00:00:00', '0000-00-00 00:00:00'),
(29, '#6abdec', 'skyblue', '0000-00-00 00:00:00', '0000-00-00 00:00:00'),
(30, '#fa73f5', 'violet', '0000-00-00 00:00:00', '0000-00-00 00:00:00'),
(31, '#4f5f6f', 'dimgray', '0000-00-00 00:00:00', '0000-00-00 00:00:00'),
(32, '#7d8880', 'gray', '0000-00-00 00:00:00', '0000-00-00 00:00:00'),
(33, '#ff6161', 'tomato', '0000-00-00 00:00:00', '0000-00-00 00:00:00'),
(34, '#008000', 'green', '0000-00-00 00:00:00', '0000-00-00 00:00:00'),
(35, '#6abdec', 'skyblue', '0000-00-00 00:00:00', '0000-00-00 00:00:00'),
(36, '#fa73f5', 'violet', '0000-00-00 00:00:00', '0000-00-00 00:00:00'),
(37, '#4f5f6f', 'dimgray', '0000-00-00 00:00:00', '0000-00-00 00:00:00'),
(38, '#7d8880', 'gray', '0000-00-00 00:00:00', '0000-00-00 00:00:00'),
(39, '#ff6161', 'tomato', '0000-00-00 00:00:00', '0000-00-00 00:00:00'),
(40, '#008000', 'green', '0000-00-00 00:00:00', '0000-00-00 00:00:00'),
(41, '#6abdec', 'skyblue', '0000-00-00 00:00:00', '0000-00-00 00:00:00'),
(42, '#fa73f5', 'violet', '0000-00-00 00:00:00', '0000-00-00 00:00:00'),
(43, '#4f5f6f', 'dimgray', '0000-00-00 00:00:00', '0000-00-00 00:00:00'),
(44, '#7d8880', 'gray', '0000-00-00 00:00:00', '0000-00-00 00:00:00'),
(45, '#ff6161', 'tomato', '0000-00-00 00:00:00', '0000-00-00 00:00:00'),
(46, '#008000', 'green', '0000-00-00 00:00:00', '0000-00-00 00:00:00'),
(47, '#6abdec', 'skyblue', '0000-00-00 00:00:00', '0000-00-00 00:00:00'),
(48, '#fa73f5', 'violet', '0000-00-00 00:00:00', '0000-00-00 00:00:00');

-- --------------------------------------------------------

--
-- Estrutura da tabela `dadosfaturamento`
--

CREATE TABLE `dadosfaturamento` (
  `_id` int(10) UNSIGNED NOT NULL,
  `tenant_id` int(10) UNSIGNED NOT NULL,
  `codigo` int(11) NOT NULL,
  `produto_codigo` int(11) NOT NULL,
  `valorproduto` double(15,8) NOT NULL,
  `datanegociacao` date DEFAULT NULL,
  `hora` time DEFAULT NULL,
  `quantidade` double(15,8) NOT NULL,
  `valorunitario` double(15,8) NOT NULL,
  `motorista` varchar(20) COLLATE utf8_unicode_ci NOT NULL,
  `placa` varchar(10) COLLATE utf8_unicode_ci NOT NULL,
  `numeronota` int(11) NOT NULL,
  `emissao` date NOT NULL,
  `caixa_codigo` int(11) NOT NULL,
  `excluido` varchar(1) COLLATE utf8_unicode_ci NOT NULL,
  `nomecliente` varchar(20) COLLATE utf8_unicode_ci NOT NULL,
  `datacancelamento` date NOT NULL,
  `valordesconto` double(15,8) NOT NULL,
  `valoracrescimo` double(15,8) NOT NULL,
  `valortotalcupom` double(15,8) NOT NULL,
  `created_at` timestamp NOT NULL DEFAULT '0000-00-00 00:00:00',
  `updated_at` timestamp NOT NULL DEFAULT '0000-00-00 00:00:00'
) ENGINE=InnoDB DEFAULT CHARSET=utf8 COLLATE=utf8_unicode_ci;

--
-- Extraindo dados da tabela `dadosfaturamento`
--

INSERT INTO `dadosfaturamento` (`_id`, `tenant_id`, `codigo`, `produto_codigo`, `valorproduto`, `datanegociacao`, `hora`, `quantidade`, `valorunitario`, `motorista`, `placa`, `numeronota`, `emissao`, `caixa_codigo`, `excluido`, `nomecliente`, `datacancelamento`, `valordesconto`, `valoracrescimo`, `valortotalcupom`, `created_at`, `updated_at`) VALUES
(1, 1, 1, 3, 10.00000000, '2013-05-17', '19:10:00', 1.00000000, 10.00000000, '', '', 20264, '2013-05-17', 4, 'N', '', '0000-00-00', 0.00000000, 0.00000000, 10.00000000, '0000-00-00 00:00:00', '0000-00-00 00:00:00'),
(2, 1, 2, 3, 10.00000000, '2013-05-17', '19:36:00', 1.00000000, 10.00000000, '', '', 20265, '2013-05-17', 4, 'N', '', '0000-00-00', 0.00000000, 0.00000000, 10.00000000, '0000-00-00 00:00:00', '0000-00-00 00:00:00'),
(3, 1, 3, 1, 11.24000000, '2013-06-03', '11:07:00', 10.01000000, 1.12300000, '', '', 20279, '2013-06-03', 4, 'N', 'CLIENTE', '0000-00-00', 1.13000000, 0.00000000, 10.11000000, '0000-00-00 00:00:00', '0000-00-00 00:00:00'),
(4, 1, 4, 1, 8.75000000, '2013-06-05', '14:59:00', 7.80000000, 1.12300000, '', '', 20283, '2013-06-05', 4, 'N', '', '0000-00-00', 0.00000000, 0.00000000, 0.00000000, '0000-00-00 00:00:00', '0000-00-00 00:00:00'),
(5, 1, 5, 3, 10.00000000, '2013-06-05', '15:15:00', 1.00000000, 10.00000000, '', '', 20284, '2013-06-05', 4, 'N', '', '0000-00-00', 0.00000000, 0.00000000, 0.00000000, '0000-00-00 00:00:00', '0000-00-00 00:00:00'),
(6, 1, 6, 3, 10.00000000, '2013-06-05', '15:19:00', 1.00000000, 10.00000000, '', '', 20285, '2013-06-05', 4, 'C', '', '2013-06-05', 0.00000000, 0.00000000, 0.00000000, '0000-00-00 00:00:00', '0000-00-00 00:00:00'),
(7, 1, 7, 3, 10.00000000, '2013-06-05', '15:24:00', 1.00000000, 10.00000000, '', '', 20286, '2013-06-05', 4, 'N', '', '0000-00-00', 0.00000000, 0.00000000, 0.00000000, '0000-00-00 00:00:00', '0000-00-00 00:00:00'),
(8, 1, 8, 1, 8.75000000, '2013-06-05', '15:30:00', 7.80000000, 1.12300000, '', '', 20287, '2013-06-05', 4, 'N', '', '0000-00-00', 0.00000000, 0.00000000, 0.00000000, '0000-00-00 00:00:00', '0000-00-00 00:00:00'),
(9, 1, 9, 1, 8.75000000, '2013-06-05', '15:37:00', 7.80000000, 1.12300000, '', '', 20288, '2013-06-05', 4, 'N', '', '0000-00-00', 0.00000000, 0.00000000, 0.00000000, '0000-00-00 00:00:00', '0000-00-00 00:00:00'),
(10, 1, 10, 1, 8.75000000, '2013-06-05', '15:48:00', 7.80000000, 1.12300000, '', '', 20289, '2013-06-05', 4, 'N', '', '0000-00-00', 0.00000000, 0.00000000, 0.00000000, '0000-00-00 00:00:00', '0000-00-00 00:00:00'),
(11, 1, 11, 1, 8.75000000, '2013-06-05', '15:52:00', 7.80000000, 1.12300000, '', '', 20290, '2013-06-05', 4, 'N', '', '0000-00-00', 0.00000000, 0.00000000, 0.00000000, '0000-00-00 00:00:00', '0000-00-00 00:00:00'),
(12, 1, 12, 2, 9.34000000, '2013-06-05', '16:01:00', 8.32000000, 1.12300000, '', '', 20291, '2013-06-05', 4, 'N', '', '0000-00-00', 0.00000000, 0.00000000, 0.00000000, '0000-00-00 00:00:00', '0000-00-00 00:00:00'),
(13, 1, 13, 1, 8.75000000, '2013-06-05', '16:02:00', 7.80000000, 1.12300000, '', '', 20292, '2013-06-05', 4, 'N', '', '0000-00-00', 0.00000000, 0.00000000, 0.00000000, '0000-00-00 00:00:00', '0000-00-00 00:00:00'),
(14, 1, 14, 1, 8.75000000, '2013-06-05', '16:06:00', 7.80000000, 1.12300000, '', '', 20293, '2013-06-05', 4, 'N', '', '0000-00-00', 0.00000000, 0.00000000, 0.00000000, '0000-00-00 00:00:00', '0000-00-00 00:00:00'),
(15, 1, 15, 1, 8.75000000, '2013-06-05', '16:16:00', 7.80000000, 1.12300000, '', '', 20294, '2013-06-05', 4, 'N', '', '0000-00-00', 0.00000000, 0.00000000, 0.00000000, '0000-00-00 00:00:00', '0000-00-00 00:00:00'),
(16, 1, 16, 1, 8.75000000, '2013-06-05', '16:34:00', 7.80000000, 1.12300000, '', '', 20295, '2013-06-05', 4, 'N', '', '0000-00-00', 0.00000000, 0.00000000, 0.00000000, '0000-00-00 00:00:00', '0000-00-00 00:00:00'),
(17, 1, 17, 1, 8.75000000, '2013-06-05', '16:38:00', 7.80000000, 1.12300000, '', '', 20296, '2013-06-05', 4, 'C', '', '2013-06-05', 0.00000000, 0.00000000, 0.00000000, '0000-00-00 00:00:00', '0000-00-00 00:00:00'),
(18, 1, 18, 1, 8.75000000, '2013-06-05', '16:48:00', 7.80000000, 1.12300000, '', '', 20298, '2013-06-05', 4, 'N', '', '0000-00-00', 0.00000000, 0.00000000, 0.00000000, '0000-00-00 00:00:00', '0000-00-00 00:00:00'),
(19, 1, 19, 1, 8.75000000, '2013-06-05', '17:06:00', 7.80000000, 1.12300000, '', '', 20299, '2013-06-05', 4, 'N', '', '0000-00-00', 0.00000000, 0.00000000, 0.00000000, '0000-00-00 00:00:00', '0000-00-00 00:00:00'),
(20, 1, 20, 1, 8.75000000, '2013-06-05', '17:09:00', 7.80000000, 1.12300000, '', '', 20300, '2013-06-05', 4, 'N', '', '0000-00-00', 0.00000000, 0.00000000, 0.00000000, '0000-00-00 00:00:00', '0000-00-00 00:00:00'),
(21, 1, 21, 1, 8.75000000, '2013-06-05', '17:15:00', 7.80000000, 1.12300000, '', '', 20301, '2013-06-05', 4, 'N', '', '0000-00-00', 0.00000000, 0.00000000, 0.00000000, '0000-00-00 00:00:00', '0000-00-00 00:00:00'),
(22, 1, 22, 1, 8.75000000, '2013-06-05', '17:35:00', 7.80000000, 1.12300000, '', '', 20302, '2013-06-05', 4, 'N', '', '0000-00-00', 0.00000000, 0.00000000, 0.00000000, '0000-00-00 00:00:00', '0000-00-00 00:00:00'),
(23, 1, 23, 1, 8.75000000, '2013-06-05', '17:45:00', 7.80000000, 1.12300000, '', '', 20303, '2013-06-05', 4, 'N', '', '0000-00-00', 0.00000000, 0.00000000, 0.00000000, '0000-00-00 00:00:00', '0000-00-00 00:00:00'),
(24, 1, 24, 1, 8.75000000, '2013-06-05', '17:50:00', 7.80000000, 1.12300000, '', '', 20304, '2013-06-05', 4, 'N', '', '0000-00-00', 0.00000000, 0.00000000, 0.00000000, '0000-00-00 00:00:00', '0000-00-00 00:00:00'),
(25, 1, 25, 1, 8.75000000, '2013-06-06', '09:39:00', 7.80000000, 1.12300000, '', '', 20308, '2013-06-06', 4, 'C', '', '2013-06-06', 0.00000000, 0.00000000, 0.00000000, '0000-00-00 00:00:00', '0000-00-00 00:00:00'),
(26, 1, 26, 1, 8.75000000, '2013-06-06', '09:41:00', 7.80000000, 1.12300000, '', '', 20309, '2013-06-06', 4, 'C', '', '2013-06-06', 0.00000000, 0.00000000, 0.00000000, '0000-00-00 00:00:00', '0000-00-00 00:00:00'),
(27, 1, 27, 8, 17.51000000, '2013-06-06', '09:49:00', 15.60000000, 1.12300000, '', '', 20310, '2013-06-06', 4, 'C', '', '2013-06-06', 0.00000000, 0.00000000, 0.00000000, '0000-00-00 00:00:00', '0000-00-00 00:00:00'),
(28, 1, 28, 8, 17.51000000, '2013-06-06', '09:52:00', 15.60000000, 1.12300000, '', '', 20311, '2013-06-06', 4, 'C', '', '2013-06-06', 0.00000000, 0.00000000, 0.00000000, '0000-00-00 00:00:00', '0000-00-00 00:00:00'),
(29, 1, 29, 8, 17.51000000, '2013-06-06', '09:56:00', 15.60000000, 1.12300000, '', '', 20312, '2013-06-06', 4, 'C', '', '2013-06-06', 0.00000000, 0.00000000, 0.00000000, '0000-00-00 00:00:00', '0000-00-00 00:00:00'),
(30, 1, 30, 8, 17.51000000, '2013-06-06', '10:02:00', 15.60000000, 1.12300000, '', '', 20313, '2013-06-06', 4, 'N', '', '0000-00-00', 0.00000000, 0.00000000, 17.51000000, '0000-00-00 00:00:00', '0000-00-00 00:00:00'),
(31, 1, 31, 8, 5.10000000, '2013-06-06', '10:14:00', 4.55000000, 1.12300000, '', '', 20314, '2013-06-06', 4, 'C', '', '2013-06-06', 0.00000000, 0.00000000, 0.00000000, '0000-00-00 00:00:00', '0000-00-00 00:00:00'),
(32, 1, 32, 8, 5.10000000, '2013-06-06', '10:17:00', 4.55000000, 1.12300000, '', '', 20315, '2013-06-06', 4, 'N', '', '0000-00-00', 0.00000000, 0.00000000, 5.10000000, '0000-00-00 00:00:00', '0000-00-00 00:00:00'),
(33, 1, 33, 1, 8.75000000, '2013-06-06', '10:19:00', 7.80000000, 1.12300000, '', '', 20316, '2013-06-06', 4, 'N', '', '0000-00-00', 0.00000000, 0.00000000, 8.75000000, '0000-00-00 00:00:00', '0000-00-00 00:00:00'),
(34, 1, 34, 8, 9.92000000, '2013-06-06', '10:35:00', 8.84000000, 1.12300000, '', '', 20317, '2013-06-06', 4, 'N', '', '0000-00-00', 0.00000000, 0.00000000, 9.92000000, '0000-00-00 00:00:00', '0000-00-00 00:00:00'),
(35, 1, 35, 8, 11.24000000, '2013-06-06', '10:36:00', 10.01000000, 1.12300000, '', '', 20318, '2013-06-06', 4, 'N', '', '0000-00-00', 0.00000000, 0.00000000, 11.24000000, '0000-00-00 00:00:00', '0000-00-00 00:00:00'),
(36, 1, 36, 8, 5.25000000, '2013-06-06', '10:37:00', 4.68000000, 1.12300000, '', '', 20319, '2013-06-06', 4, 'N', '', '0000-00-00', 0.00000000, 0.00000000, 21.45000000, '0000-00-00 00:00:00', '0000-00-00 00:00:00'),
(37, 1, 37, 1, 16.20000000, '2013-06-06', '10:37:00', 14.43000000, 1.12300000, '', '', 20319, '2013-06-06', 4, 'N', '', '0000-00-00', 0.00000000, 0.00000000, 21.45000000, '0000-00-00 00:00:00', '0000-00-00 00:00:00'),
(38, 1, 38, 8, 10.21000000, '2013-06-06', '10:46:00', 9.10000000, 1.12300000, '', '', 20320, '2013-06-06', 4, 'N', '', '0000-00-00', 0.00000000, 0.00000000, 10.21000000, '0000-00-00 00:00:00', '0000-00-00 00:00:00'),
(39, 1, 39, 8, 7.88000000, '2013-06-06', '10:54:00', 7.02000000, 1.12300000, '', '', 20321, '2013-06-06', 4, 'N', '', '0000-00-00', 0.00000000, 0.00000000, 7.88000000, '0000-00-00 00:00:00', '0000-00-00 00:00:00'),
(40, 1, 40, 8, 8.17000000, '2013-06-06', '10:56:00', 7.28000000, 1.12300000, '', '', 20322, '2013-06-06', 4, 'N', '', '0000-00-00', 0.00000000, 0.00000000, 8.17000000, '0000-00-00 00:00:00', '0000-00-00 00:00:00'),
(41, 1, 41, 2, 9.34000000, '2013-06-06', '11:16:00', 8.32000000, 1.12300000, '', '', 20324, '2013-06-06', 4, 'N', '', '0000-00-00', 0.00000000, 0.00000000, 32.10000000, '0000-00-00 00:00:00', '0000-00-00 00:00:00'),
(42, 1, 42, 8, 11.38000000, '2013-06-06', '11:16:00', 10.14000000, 1.12300000, '', '', 20324, '2013-06-06', 4, 'N', '', '0000-00-00', 0.00000000, 0.00000000, 32.10000000, '0000-00-00 00:00:00', '0000-00-00 00:00:00'),
(43, 1, 43, 8, 11.38000000, '2013-06-06', '11:16:00', 10.14000000, 1.12300000, '', '', 20324, '2013-06-06', 4, 'N', '', '0000-00-00', 0.00000000, 0.00000000, 32.10000000, '0000-00-00 00:00:00', '0000-00-00 00:00:00'),
(44, 1, 44, 2, 12.55000000, '2013-06-06', '11:19:00', 11.18000000, 1.12300000, '', '', 20325, '2013-06-06', 4, 'N', '', '0000-00-00', 0.00000000, 0.00000000, 34.73000000, '0000-00-00 00:00:00', '0000-00-00 00:00:00'),
(45, 1, 45, 8, 8.90000000, '2013-06-06', '11:19:00', 7.93000000, 1.12300000, '', '', 20325, '2013-06-06', 4, 'N', '', '0000-00-00', 0.00000000, 0.00000000, 34.73000000, '0000-00-00 00:00:00', '0000-00-00 00:00:00'),
(46, 1, 46, 8, 13.28000000, '2013-06-06', '11:19:00', 11.83000000, 1.12300000, '', '', 20325, '2013-06-06', 4, 'N', '', '0000-00-00', 0.00000000, 0.00000000, 34.73000000, '0000-00-00 00:00:00', '0000-00-00 00:00:00'),
(47, 1, 47, 2, 11.53000000, '2013-06-06', '11:27:00', 10.27000000, 1.12300000, '', '', 20326, '2013-06-06', 4, 'N', '', '0000-00-00', 0.00000000, 0.00000000, 32.54000000, '0000-00-00 00:00:00', '0000-00-00 00:00:00'),
(48, 1, 48, 8, 12.55000000, '2013-06-06', '11:27:00', 11.18000000, 1.12300000, '', '', 20326, '2013-06-06', 4, 'N', '', '0000-00-00', 0.00000000, 0.00000000, 32.54000000, '0000-00-00 00:00:00', '0000-00-00 00:00:00'),
(49, 1, 49, 1, 8.46000000, '2013-06-06', '11:27:00', 7.54000000, 1.12300000, '', '', 20326, '2013-06-06', 4, 'N', '', '0000-00-00', 0.00000000, 0.00000000, 32.54000000, '0000-00-00 00:00:00', '0000-00-00 00:00:00'),
(50, 1, 50, 1, 6.13000000, '2013-06-06', '11:36:00', 5.46000000, 1.12300000, '', '', 20327, '2013-06-06', 4, 'N', '', '0000-00-00', 0.00000000, 0.00000000, 6.13000000, '0000-00-00 00:00:00', '0000-00-00 00:00:00'),
(51, 1, 51, 8, 10.94000000, '2013-06-06', '11:42:00', 9.75000000, 1.12300000, '', '', 20328, '2013-06-06', 4, 'N', '', '0000-00-00', 0.00000000, 0.00000000, 10.94000000, '0000-00-00 00:00:00', '0000-00-00 00:00:00'),
(52, 1, 52, 1, 5.83000000, '2013-06-06', '14:40:00', 5.20000000, 1.12300000, '', '', 20331, '2013-06-06', 4, 'N', '', '0000-00-00', 0.00000000, 0.00000000, 5.83000000, '0000-00-00 00:00:00', '0000-00-00 00:00:00'),
(53, 1, 53, 1, 10.94000000, '2013-06-06', '14:41:00', 9.75000000, 1.12300000, '', '', 20332, '2013-06-06', 4, 'N', '', '0000-00-00', 0.00000000, 0.00000000, 10.94000000, '0000-00-00 00:00:00', '0000-00-00 00:00:00'),
(54, 1, 54, 1, 6.27000000, '2013-06-06', '14:51:00', 5.59000000, 1.12300000, '', '', 20333, '2013-06-06', 4, 'N', '', '0000-00-00', 0.00000000, 0.00000000, 6.27000000, '0000-00-00 00:00:00', '0000-00-00 00:00:00'),
(55, 1, 55, 8, 12.84000000, '2013-06-06', '14:53:00', 11.44000000, 1.12300000, '', '', 20334, '2013-06-06', 4, 'N', '', '0000-00-00', 0.00000000, 0.00000000, 12.84000000, '0000-00-00 00:00:00', '0000-00-00 00:00:00'),
(56, 1, 61, 3, 10.00000000, '2013-06-06', '14:52:00', 1.00000000, 10.00000000, '', '', 4502, '2013-06-06', 4, 'N', '', '0000-00-00', 0.00000000, 0.00000000, 0.00000000, '0000-00-00 00:00:00', '0000-00-00 00:00:00'),
(57, 1, 71, 3, 10.00000000, '2013-06-07', '19:45:00', 1.00000000, 10.00000000, '', '', 20385, '2013-06-07', 4, 'N', '', '0000-00-00', 0.00000000, 0.00000000, 1245.00000000, '0000-00-00 00:00:00', '0000-00-00 00:00:00'),
(58, 1, 72, 4, 35.00000000, '2013-06-07', '19:45:00', 1.00000000, 35.00000000, '', '', 20385, '2013-06-07', 4, 'N', '', '0000-00-00', 0.00000000, 0.00000000, 1245.00000000, '0000-00-00 00:00:00', '0000-00-00 00:00:00'),
(59, 1, 73, 5, 1200.00000000, '2013-06-07', '19:45:00', 1.00000000, 1200.00000000, '', '', 20385, '2013-06-07', 4, 'N', '', '0000-00-00', 0.00000000, 0.00000000, 1245.00000000, '0000-00-00 00:00:00', '0000-00-00 00:00:00'),
(60, 1, 89, 3, 10.00000000, '2013-06-07', '08:49:00', 1.00000000, 10.00000000, '', '', 4511, '2013-06-07', 4, 'N', '', '0000-00-00', 0.00000000, 0.00000000, 10.00000000, '0000-00-00 00:00:00', '0000-00-00 00:00:00'),
(61, 1, 92, 3, 10.00000000, '2013-06-27', '16:05:00', 1.00000000, 10.00000000, '', '', 1, '2013-06-27', 4, 'S', '', '0000-00-00', 0.00000000, 0.00000000, 10.00000000, '0000-00-00 00:00:00', '0000-00-00 00:00:00'),
(62, 1, 119, 1, 5204.46000000, '2013-08-08', '14:46:00', 4614.42700000, 1.12300000, '', '', 1627, '2013-08-08', 4, 'C', '', '2013-08-08', 0.00000000, 0.00000000, 5204.46000000, '0000-00-00 00:00:00', '0000-00-00 00:00:00'),
(63, 1, 263, 3, 10.00000000, '2013-08-13', '17:15:00', 1.00000000, 10.00000000, '', '', 1703, '2013-08-13', 4, 'N', '', '0000-00-00', 0.00000000, 0.00000000, 10.00000000, '0000-00-00 00:00:00', '0000-00-00 00:00:00'),
(64, 1, 264, 3, 10.00000000, '2013-08-13', '17:15:00', 1.00000000, 10.00000000, '', '', 1704, '2013-08-13', 4, 'N', '', '0000-00-00', 0.00000000, 0.00000000, 10.00000000, '0000-00-00 00:00:00', '0000-00-00 00:00:00'),
(65, 1, 265, 3, 10.00000000, '2013-08-13', '17:23:00', 1.00000000, 10.00000000, '', '', 1705, '2013-08-13', 4, 'C', '', '2013-08-13', 0.00000000, 0.00000000, 0.00000000, '0000-00-00 00:00:00', '0000-00-00 00:00:00'),
(66, 1, 266, 3, 10.00000000, '2013-08-13', '17:26:00', 1.00000000, 10.00000000, '', '', 1706, '2013-08-13', 4, 'C', '', '2013-08-13', 0.00000000, 0.00000000, 10.00000000, '0000-00-00 00:00:00', '0000-00-00 00:00:00'),
(67, 1, 267, 3, 10.00000000, '2013-08-22', '11:17:00', 1.00000000, 10.00000000, '', '', 1724, '2013-08-22', 4, 'N', '', '0000-00-00', 0.00000000, 0.00000000, 0.00000000, '0000-00-00 00:00:00', '0000-00-00 00:00:00'),
(68, 1, 268, 3, 10.00000000, '2013-08-22', '11:18:00', 1.00000000, 10.00000000, '', '', 1725, '2013-08-22', 4, 'N', '', '0000-00-00', 0.00000000, 0.00000000, 0.00000000, '0000-00-00 00:00:00', '0000-00-00 00:00:00'),
(69, 1, 269, 4, 35.00000000, '2013-08-22', '11:22:00', 1.00000000, 35.00000000, '', '', 1726, '2013-08-22', 4, 'N', '', '0000-00-00', 0.00000000, 0.00000000, 0.00000000, '0000-00-00 00:00:00', '0000-00-00 00:00:00'),
(70, 1, 270, 3, 10.00000000, '2013-08-22', '11:24:00', 1.00000000, 10.00000000, '', '', 1727, '2013-08-22', 4, 'N', '', '0000-00-00', 0.00000000, 0.00000000, 0.00000000, '0000-00-00 00:00:00', '0000-00-00 00:00:00'),
(71, 1, 271, 3, 10.00000000, '2013-08-22', '11:25:00', 1.00000000, 10.00000000, '', '', 1728, '2013-08-22', 4, 'N', '', '0000-00-00', 0.00000000, 0.00000000, 0.00000000, '0000-00-00 00:00:00', '0000-00-00 00:00:00'),
(72, 1, 272, 3, 10.00000000, '2013-08-22', '11:33:00', 1.00000000, 10.00000000, '', '', 1729, '2013-08-22', 4, 'N', '', '0000-00-00', 0.00000000, 0.00000000, 0.00000000, '0000-00-00 00:00:00', '0000-00-00 00:00:00'),
(73, 1, 273, 3, 10.00000000, '2013-08-22', '11:47:00', 1.00000000, 10.00000000, '', '', 1730, '2013-08-22', 4, 'N', '', '0000-00-00', 0.00000000, 0.00000000, 10.00000000, '0000-00-00 00:00:00', '0000-00-00 00:00:00'),
(74, 1, 274, 3, 10.00000000, '2013-08-22', '11:56:00', 1.00000000, 10.00000000, '', '', 1731, '2013-08-22', 4, 'N', '', '0000-00-00', 0.00000000, 0.00000000, 10.00000000, '0000-00-00 00:00:00', '0000-00-00 00:00:00'),
(75, 1, 275, 3, 10.00000000, '2013-08-22', '14:16:00', 1.00000000, 10.00000000, '', '', 1732, '2013-08-22', 4, 'N', '', '0000-00-00', 0.00000000, 0.00000000, 10.00000000, '0000-00-00 00:00:00', '0000-00-00 00:00:00'),
(76, 1, 276, 3, 10.00000000, '2013-08-22', '14:18:00', 1.00000000, 10.00000000, '', '', 1733, '2013-08-22', 4, 'N', '', '0000-00-00', 0.00000000, 0.00000000, 0.00000000, '0000-00-00 00:00:00', '0000-00-00 00:00:00'),
(77, 1, 277, 3, 10.00000000, '2013-08-22', '14:22:00', 1.00000000, 10.00000000, '', '', 1734, '2013-08-22', 4, 'N', '', '0000-00-00', 0.00000000, 0.00000000, 0.00000000, '0000-00-00 00:00:00', '0000-00-00 00:00:00'),
(78, 1, 278, 3, 10.00000000, '2013-08-22', '14:35:00', 1.00000000, 10.00000000, '', '', 1735, '2013-08-22', 4, 'N', '', '0000-00-00', 0.00000000, 0.00000000, 10.00000000, '0000-00-00 00:00:00', '0000-00-00 00:00:00'),
(79, 1, 279, 3, 10.00000000, '2013-08-22', '14:38:00', 1.00000000, 10.00000000, '', '', 1736, '2013-08-22', 4, 'N', '', '0000-00-00', 0.00000000, 0.00000000, 10.00000000, '0000-00-00 00:00:00', '0000-00-00 00:00:00'),
(80, 1, 280, 3, 10.00000000, '2013-08-22', '14:52:00', 1.00000000, 10.00000000, '', '', 1737, '2013-08-22', 4, 'N', '', '0000-00-00', 0.00000000, 0.00000000, 0.00000000, '0000-00-00 00:00:00', '0000-00-00 00:00:00'),
(81, 1, 281, 3, 10.00000000, '2013-08-22', '14:53:00', 1.00000000, 10.00000000, '', '', 1738, '2013-08-22', 4, 'N', '', '0000-00-00', 0.00000000, 0.00000000, 0.00000000, '0000-00-00 00:00:00', '0000-00-00 00:00:00'),
(82, 1, 282, 3, 10.00000000, '2013-08-22', '14:54:00', 1.00000000, 10.00000000, '', '', 1739, '2013-08-22', 4, 'N', '', '0000-00-00', 0.00000000, 0.00000000, 10.00000000, '0000-00-00 00:00:00', '0000-00-00 00:00:00'),
(83, 1, 283, 3, 10.00000000, '2013-08-22', '15:04:00', 1.00000000, 10.00000000, '', '', 1740, '2013-08-22', 4, 'N', '', '0000-00-00', 0.00000000, 0.00000000, 45.00000000, '0000-00-00 00:00:00', '0000-00-00 00:00:00'),
(84, 1, 284, 4, 35.00000000, '2013-08-22', '15:04:00', 1.00000000, 35.00000000, '', '', 1740, '2013-08-22', 4, 'N', '', '0000-00-00', 0.00000000, 0.00000000, 45.00000000, '0000-00-00 00:00:00', '0000-00-00 00:00:00'),
(85, 1, 285, 3, 10.00000000, '2013-08-22', '15:14:00', 1.00000000, 10.00000000, '', '', 1741, '2013-08-22', 4, 'N', '', '0000-00-00', 0.00000000, 0.00000000, 55.00000000, '0000-00-00 00:00:00', '0000-00-00 00:00:00'),
(86, 1, 286, 4, 35.00000000, '2013-08-22', '15:14:00', 1.00000000, 35.00000000, '', '', 1741, '2013-08-22', 4, 'N', '', '0000-00-00', 0.00000000, 0.00000000, 55.00000000, '0000-00-00 00:00:00', '0000-00-00 00:00:00'),
(87, 1, 287, 3, 10.00000000, '2013-08-22', '15:14:00', 1.00000000, 10.00000000, '', '', 1741, '2013-08-22', 4, 'N', '', '0000-00-00', 0.00000000, 0.00000000, 55.00000000, '0000-00-00 00:00:00', '0000-00-00 00:00:00'),
(88, 1, 288, 3, 10.00000000, '2013-08-22', '15:22:00', 1.00000000, 10.00000000, '', '', 1742, '2013-08-22', 4, 'N', '', '0000-00-00', 0.00000000, 0.00000000, 1245.00000000, '0000-00-00 00:00:00', '0000-00-00 00:00:00'),
(89, 1, 289, 4, 35.00000000, '2013-08-22', '15:22:00', 1.00000000, 35.00000000, '', '', 1742, '2013-08-22', 4, 'N', '', '0000-00-00', 0.00000000, 0.00000000, 1245.00000000, '0000-00-00 00:00:00', '0000-00-00 00:00:00'),
(90, 1, 290, 5, 1200.00000000, '2013-08-22', '15:22:00', 1.00000000, 1200.00000000, '', '', 1742, '2013-08-22', 4, 'N', '', '0000-00-00', 0.00000000, 0.00000000, 1245.00000000, '0000-00-00 00:00:00', '0000-00-00 00:00:00'),
(91, 1, 291, 1, 7.00000000, '2013-08-23', '11:26:00', 6.24000000, 1.12300000, '', '', 1747, '2013-08-23', 4, 'N', '', '0000-00-00', 0.00000000, 0.00000000, 7.00000000, '0000-00-00 00:00:00', '0000-00-00 00:00:00'),
(92, 1, 292, 2, 4.71000000, '2013-08-23', '11:27:00', 4.20000000, 1.12300000, '', '', 1748, '2013-08-23', 4, 'N', '', '0000-00-00', 0.00000000, 0.00000000, 4.71000000, '0000-00-00 00:00:00', '0000-00-00 00:00:00'),
(93, 1, 295, 2, 4.82000000, '2013-08-27', '10:05:00', 4.29800000, 1.12300000, '', '', 20792, '2013-08-27', 4, 'N', '', '0000-00-00', 0.00000000, 0.00000000, 4.82000000, '0000-00-00 00:00:00', '0000-00-00 00:00:00'),
(94, 1, 297, 3, 10.00000000, '2013-09-10', '17:54:00', 1.00000000, 10.00000000, '', '', 20862, '2013-09-10', 4, 'N', '', '0000-00-00', 0.00000000, 0.00000000, 10.00000000, '0000-00-00 00:00:00', '0000-00-00 00:00:00'),
(95, 1, 298, 3, 10.00000000, '2013-09-10', '17:58:00', 1.00000000, 10.00000000, '', '', 20863, '2013-09-10', 4, 'N', '', '0000-00-00', 0.00000000, 0.00000000, 10.00000000, '0000-00-00 00:00:00', '0000-00-00 00:00:00'),
(96, 1, 299, 3, 10.00000000, '2013-09-10', '18:02:00', 1.00000000, 10.00000000, '', '', 20864, '2013-09-10', 4, 'N', '', '0000-00-00', 0.00000000, 0.00000000, 10.00000000, '0000-00-00 00:00:00', '0000-00-00 00:00:00'),
(97, 1, 300, 4, 35.00000000, '2013-09-10', '18:05:00', 1.00000000, 35.00000000, '', '', 20865, '2013-09-10', 4, 'N', '', '0000-00-00', 0.00000000, 0.00000000, 35.00000000, '0000-00-00 00:00:00', '0000-00-00 00:00:00'),
(98, 1, 301, 3, 2.50000000, '2013-09-11', '11:49:00', 0.25000000, 10.00000000, '', '', 20869, '2013-09-11', 4, 'N', '', '0000-00-00', 0.00000000, 0.00000000, 10.00000000, '0000-00-00 00:00:00', '0000-00-00 00:00:00'),
(99, 1, 302, 3, 7.50000000, '2013-09-11', '11:49:00', 0.75000000, 10.00000000, '', '', 20869, '2013-09-11', 4, 'N', '', '0000-00-00', 0.00000000, 0.00000000, 10.00000000, '0000-00-00 00:00:00', '0000-00-00 00:00:00'),
(100, 1, 303, 3, 10.00000000, '2013-09-11', '11:50:00', 1.00000000, 10.00000000, '', '', 20870, '2013-09-11', 4, 'N', '', '0000-00-00', 0.00000000, 0.00000000, 10.00000000, '0000-00-00 00:00:00', '0000-00-00 00:00:00'),
(101, 1, 304, 4, 35.00000000, '2013-09-11', '12:04:00', 1.00000000, 35.00000000, '', '', 20871, '2013-09-11', 4, 'N', '', '0000-00-00', 0.00000000, 0.00000000, 35.00000000, '0000-00-00 00:00:00', '0000-00-00 00:00:00'),
(102, 1, 305, 3, 10.00000000, '2013-09-11', '12:05:00', 1.00000000, 10.00000000, '', '', 20872, '2013-09-11', 4, 'N', '', '0000-00-00', 0.00000000, 0.00000000, 10.00000000, '0000-00-00 00:00:00', '0000-00-00 00:00:00'),
(103, 1, 306, 3, 10.00000000, '2013-09-11', '12:06:00', 1.00000000, 10.00000000, '', '', 20873, '2013-09-11', 4, 'N', '', '0000-00-00', 0.00000000, 0.00000000, 10.00000000, '0000-00-00 00:00:00', '0000-00-00 00:00:00'),
(104, 1, 313, 1, 24.67000000, '2013-09-16', '09:53:00', 17.03000000, 1.12300000, '', '', 20882, '2013-09-16', 4, 'C', '', '2013-09-16', 0.00000000, 0.00000000, 24.67000000, '0000-00-00 00:00:00', '0000-00-00 00:00:00'),
(105, 1, 314, 1, 24.67000000, '2013-09-16', '10:02:00', 17.03000000, 1.12300000, '', '', 20883, '2013-09-16', 4, 'C', '', '2013-09-16', 0.00000000, 0.00000000, 24.67000000, '0000-00-00 00:00:00', '0000-00-00 00:00:00'),
(106, 1, 315, 1, 24.67000000, '2013-09-16', '10:14:00', 17.03000000, 1.12300000, '', '', 20884, '2013-09-16', 4, 'C', '', '2013-09-16', 0.00000000, 0.00000000, 24.67000000, '0000-00-00 00:00:00', '0000-00-00 00:00:00'),
(107, 1, 316, 1, 24.67000000, '2013-09-16', '10:39:00', 17.03000000, 1.12300000, '', '', 20885, '2013-09-16', 4, 'C', '', '2013-09-16', 0.00000000, 0.00000000, 24.67000000, '0000-00-00 00:00:00', '0000-00-00 00:00:00'),
(108, 1, 317, 1, 24.67000000, '2013-09-16', '10:42:00', 17.03000000, 1.12300000, '', '', 20886, '2013-09-16', 4, 'C', '', '2013-09-16', 0.00000000, 0.00000000, 24.67000000, '0000-00-00 00:00:00', '0000-00-00 00:00:00'),
(109, 1, 318, 1, 24.67000000, '2013-09-16', '10:46:00', 17.03000000, 1.12300000, '', '', 20887, '2013-09-16', 4, 'C', '', '2013-09-16', 0.00000000, 0.00000000, 0.00000000, '0000-00-00 00:00:00', '0000-00-00 00:00:00'),
(110, 1, 319, 1, 19.12000000, '2013-09-16', '11:02:00', 17.03000000, 1.12300000, '', '', 20888, '2013-09-16', 4, 'N', '', '0000-00-00', 0.00000000, 0.00000000, 19.12000000, '0000-00-00 00:00:00', '0000-00-00 00:00:00'),
(111, 1, 321, 3, 10.00000000, '2013-09-24', '10:08:00', 1.00000000, 10.00000000, '', '', 20906, '2013-09-24', 4, 'N', '', '0000-00-00', 0.00000000, 0.00000000, 10.00000000, '0000-00-00 00:00:00', '0000-00-00 00:00:00'),
(112, 1, 322, 3, 10.00000000, '2013-09-24', '10:11:00', 1.00000000, 10.00000000, '', '', 20907, '2013-09-24', 4, 'N', '', '0000-00-00', 0.00000000, 0.00000000, 0.00000000, '0000-00-00 00:00:00', '0000-00-00 00:00:00'),
(113, 1, 323, 3, 10.00000000, '2013-09-24', '10:18:00', 1.00000000, 10.00000000, '', '', 20908, '2013-09-24', 4, 'N', '', '0000-00-00', 0.00000000, 0.00000000, 0.00000000, '0000-00-00 00:00:00', '0000-00-00 00:00:00'),
(114, 1, 324, 3, 10.00000000, '2013-09-25', '08:40:00', 1.00000000, 10.00000000, '', '', 20912, '2013-09-25', 4, 'N', '', '0000-00-00', 0.00000000, 0.00000000, 0.00000000, '0000-00-00 00:00:00', '0000-00-00 00:00:00'),
(115, 1, 325, 3, 10.00000000, '2013-09-25', '10:03:00', 1.00000000, 10.00000000, '', '', 20913, '2013-09-25', 4, 'N', '', '0000-00-00', 0.00000000, 0.00000000, 10.00000000, '0000-00-00 00:00:00', '0000-00-00 00:00:00'),
(116, 1, 326, 4, 35.00000000, '2013-09-25', '10:22:00', 1.00000000, 35.00000000, '', '', 20914, '2013-09-25', 4, 'N', '', '0000-00-00', 0.00000000, 0.00000000, 35.00000000, '0000-00-00 00:00:00', '0000-00-00 00:00:00'),
(117, 1, 327, 3, 10.00000000, '2013-09-25', '10:35:00', 1.00000000, 10.00000000, '', '', 20918, '2013-09-25', 4, 'N', '', '0000-00-00', 0.00000000, 0.00000000, 0.00000000, '0000-00-00 00:00:00', '0000-00-00 00:00:00'),
(118, 1, 328, 3, 10.00000000, '2013-09-25', '16:06:00', 1.00000000, 10.00000000, '', '', 20919, '2013-09-25', 4, 'N', '', '0000-00-00', 0.00000000, 0.00000000, 10.00000000, '0000-00-00 00:00:00', '0000-00-00 00:00:00'),
(119, 1, 348, 3, 10.00000000, '2013-10-01', '17:38:00', 1.00000000, 10.00000000, '', '', 20952, '2013-10-01', 4, 'N', '', '0000-00-00', 0.00000000, 0.00000000, 0.00000000, '0000-00-00 00:00:00', '0000-00-00 00:00:00'),
(120, 1, 387, 21, 13.50000000, '2013-10-02', '09:14:00', 1.00000000, 13.50000000, '', '', 20973, '2013-10-02', 4, 'N', '', '0000-00-00', 0.00000000, 0.00000000, 122.78000000, '0000-00-00 00:00:00', '0000-00-00 00:00:00'),
(121, 1, 396, 3, 10.00000000, '2013-10-02', '09:17:00', 1.00000000, 10.00000000, '', '', 20975, '2013-10-02', 4, 'N', '', '0000-00-00', 0.00000000, 0.00000000, 41.53000000, '0000-00-00 00:00:00', '0000-00-00 00:00:00'),
(122, 1, 401, 3, 10.00000000, '2013-10-02', '09:40:00', 1.00000000, 10.00000000, '', '', 20977, '2013-10-02', 4, 'N', '', '0000-00-00', 0.00000000, 0.00000000, 10.00000000, '0000-00-00 00:00:00', '0000-00-00 00:00:00'),
(123, 1, 402, 3, 10.00000000, '2013-10-02', '09:47:00', 1.00000000, 10.00000000, '', '', 20978, '2013-10-02', 4, 'N', '', '0000-00-00', 0.00000000, 0.00000000, 10.00000000, '0000-00-00 00:00:00', '0000-00-00 00:00:00'),
(124, 1, 403, 3, 10.00000000, '2013-10-02', '09:51:00', 1.00000000, 10.00000000, '', '', 20979, '2013-10-02', 4, 'N', 'ARIEL', '0000-00-00', 0.00000000, 0.00000000, 10.00000000, '0000-00-00 00:00:00', '0000-00-00 00:00:00'),
(125, 1, 404, 3, 10.00000000, '2013-10-02', '09:54:00', 1.00000000, 10.00000000, '', '', 20980, '2013-10-02', 4, 'N', '', '0000-00-00', 0.00000000, 0.00000000, 10.00000000, '0000-00-00 00:00:00', '0000-00-00 00:00:00'),
(126, 1, 405, 3, 10.00000000, '2013-10-02', '09:55:00', 1.00000000, 10.00000000, 'TADEU', 'BJP-4513', 20981, '2013-10-02', 4, 'N', 'ARIEL', '0000-00-00', 0.00000000, 0.00000000, 10.00000000, '0000-00-00 00:00:00', '0000-00-00 00:00:00'),
(127, 1, 406, 3, 10.00000000, '2013-10-02', '10:06:00', 1.00000000, 10.00000000, '', '', 20982, '2013-10-02', 4, 'N', '', '0000-00-00', 0.00000000, 0.00000000, 10.00000000, '0000-00-00 00:00:00', '0000-00-00 00:00:00'),
(128, 1, 407, 3, 10.00000000, '2013-10-02', '10:08:00', 1.00000000, 10.00000000, '', '', 20983, '2013-10-02', 4, 'N', '', '0000-00-00', 0.00000000, 0.00000000, 10.00000000, '0000-00-00 00:00:00', '0000-00-00 00:00:00'),
(129, 1, 408, 3, 10.00000000, '2013-10-02', '10:12:00', 1.00000000, 10.00000000, '', '', 20984, '2013-10-02', 4, 'N', '', '0000-00-00', 0.00000000, 0.00000000, 10.00000000, '0000-00-00 00:00:00', '0000-00-00 00:00:00'),
(130, 1, 409, 3, 10.00000000, '2013-10-02', '10:13:00', 1.00000000, 10.00000000, 'DELEGADO TADEU', 'BJP-1235', 20985, '2013-10-02', 4, 'N', 'ARIEL RODRIGO SANCHE', '0000-00-00', 0.00000000, 0.00000000, 10.00000000, '0000-00-00 00:00:00', '0000-00-00 00:00:00'),
(131, 1, 412, 3, 10.00000000, '2013-10-02', '16:11:00', 1.00000000, 10.00000000, '', '', 20991, '2013-10-02', 4, 'N', '', '0000-00-00', 0.00000000, 0.00000000, 10.00000000, '0000-00-00 00:00:00', '0000-00-00 00:00:00'),
(132, 1, 416, 4, 35.00000000, '2013-10-03', '15:17:00', 1.00000000, 35.00000000, '', '', 21000, '2013-10-03', 4, 'N', '', '0000-00-00', 0.00000000, 0.00000000, 1245.00000000, '0000-00-00 00:00:00', '0000-00-00 00:00:00'),
(133, 1, 417, 3, 10.00000000, '2013-10-03', '15:17:00', 1.00000000, 10.00000000, '', '', 21000, '2013-10-03', 4, 'N', '', '0000-00-00', 0.00000000, 0.00000000, 1245.00000000, '0000-00-00 00:00:00', '0000-00-00 00:00:00'),
(134, 1, 418, 5, 1200.00000000, '2013-10-03', '15:17:00', 1.00000000, 1200.00000000, '', '', 21000, '2013-10-03', 4, 'N', '', '0000-00-00', 0.00000000, 0.00000000, 1245.00000000, '0000-00-00 00:00:00', '0000-00-00 00:00:00'),
(135, 1, 419, 3, 10.00000000, '2013-10-03', '15:20:00', 1.00000000, 10.00000000, '', '', 21001, '2013-10-03', 4, 'N', '', '0000-00-00', 0.00000000, 0.00000000, 45.00000000, '0000-00-00 00:00:00', '0000-00-00 00:00:00'),
(136, 1, 420, 4, 35.00000000, '2013-10-03', '15:20:00', 1.00000000, 35.00000000, '', '', 21001, '2013-10-03', 4, 'N', '', '0000-00-00', 0.00000000, 0.00000000, 45.00000000, '0000-00-00 00:00:00', '0000-00-00 00:00:00'),
(137, 1, 426, 3, 10.00000000, '2013-10-03', '17:38:00', 1.00000000, 10.00000000, '', '', 21007, '2013-10-03', 4, 'C', '', '2013-10-03', 0.00000000, 0.00000000, 10.00000000, '0000-00-00 00:00:00', '0000-00-00 00:00:00'),
(138, 1, 452, 3, 10.00000000, '2013-10-07', '10:29:00', 1.00000000, 10.00000000, '', '', 21036, '2013-10-07', 4, 'N', '', '0000-00-00', 0.00000000, 0.00000000, 10.00000000, '0000-00-00 00:00:00', '0000-00-00 00:00:00'),
(139, 1, 453, 3, 10.00000000, '2013-10-07', '10:31:00', 1.00000000, 10.00000000, 'TADEU', 'BJP-4513', 21037, '2013-10-07', 4, 'P', 'PREF. MUN. SECRETARI', '0000-00-00', 0.00000000, 0.00000000, 10.00000000, '0000-00-00 00:00:00', '0000-00-00 00:00:00'),
(140, 1, 454, 3, 10.00000000, '2013-10-07', '10:34:00', 1.00000000, 10.00000000, 'TADEU', 'BJP-1532', 21038, '2013-10-07', 4, 'N', 'PREF. MUN. SECRETARI', '0000-00-00', 0.00000000, 0.00000000, 10.00000000, '0000-00-00 00:00:00', '0000-00-00 00:00:00'),
(141, 1, 455, 3, 10.00000000, '2013-10-07', '10:37:00', 1.00000000, 10.00000000, 'TADEU', 'BJP-1542', 21039, '2013-10-07', 4, 'P', 'PREF. MUN. SECRETARI', '0000-00-00', 0.00000000, 0.00000000, 10.00000000, '0000-00-00 00:00:00', '0000-00-00 00:00:00'),
(142, 1, 456, 4, 35.00000000, '2013-10-07', '10:38:00', 1.00000000, 35.00000000, 'TADEU', 'BJP-1653', 21040, '2013-10-07', 4, 'N', 'PREF. MUN. SECRETARI', '0000-00-00', 0.00000000, 0.00000000, 35.00000000, '0000-00-00 00:00:00', '0000-00-00 00:00:00'),
(143, 1, 457, 3, 10.00000000, '2013-10-07', '10:45:00', 1.00000000, 10.00000000, '', '', 21041, '2013-10-07', 4, 'N', '', '0000-00-00', 0.00000000, 0.00000000, 10.00000000, '0000-00-00 00:00:00', '0000-00-00 00:00:00'),
(144, 1, 458, 3, 10.00000000, '2013-10-07', '11:33:00', 1.00000000, 10.00000000, 'TADEU', 'BJP-1545', 21042, '2013-10-07', 4, 'C', 'PREF. MUN. SECRETARI', '2013-10-07', 0.00000000, 0.00000000, 45.00000000, '0000-00-00 00:00:00', '0000-00-00 00:00:00'),
(145, 1, 459, 4, 35.00000000, '2013-10-07', '11:33:00', 1.00000000, 35.00000000, 'TADEU', 'BJP-1545', 21042, '2013-10-07', 4, 'C', 'PREF. MUN. SECRETARI', '2013-10-07', 0.00000000, 0.00000000, 45.00000000, '0000-00-00 00:00:00', '0000-00-00 00:00:00'),
(146, 1, 4320, 3, 30.00000000, '2014-09-11', '10:48:00', 3.00000000, 10.00000000, '', '', 21760, '2014-09-11', 4, 'N', '', '0000-00-00', 0.00000000, 0.00000000, 80.00000000, '0000-00-00 00:00:00', '0000-00-00 00:00:00'),
(147, 1, 460, 3, 10.00000000, '2013-10-07', '11:40:00', 1.00000000, 10.00000000, 'TADEU', 'BJP-1543', 21043, '2013-10-07', 4, 'C', 'PREF. MUN. SECRETARI', '2013-10-07', 0.00000000, 0.00000000, 10.00000000, '0000-00-00 00:00:00', '0000-00-00 00:00:00'),
(148, 1, 461, 3, 10.00000000, '2013-10-07', '11:45:00', 1.00000000, 10.00000000, 'TADEU', 'BJP-4513', 21044, '2013-10-07', 4, 'C', 'PREF. MUN. SECRETARI', '2013-10-07', 0.00000000, 0.00000000, 10.00000000, '0000-00-00 00:00:00', '0000-00-00 00:00:00'),
(149, 1, 462, 3, 10.00000000, '2013-10-07', '12:01:00', 1.00000000, 10.00000000, 'TADEU', 'BJP-1542', 21045, '2013-10-07', 4, 'N', 'PREF. MUN. SECRETARI', '0000-00-00', 0.00000000, 0.00000000, 10.00000000, '0000-00-00 00:00:00', '0000-00-00 00:00:00'),
(150, 1, 463, 3, 10.00000000, '2013-10-08', '09:07:00', 1.00000000, 10.00000000, '', '', 21049, '2013-10-08', 4, 'C', '', '2013-10-08', 0.00000000, 0.00000000, 10.00000000, '0000-00-00 00:00:00', '0000-00-00 00:00:00'),
(151, 1, 464, 3, 10.00000000, '2013-10-08', '09:08:00', 1.00000000, 10.00000000, '', '', 21050, '2013-10-08', 4, 'N', '', '0000-00-00', 0.00000000, 0.00000000, 10.00000000, '0000-00-00 00:00:00', '0000-00-00 00:00:00'),
(152, 1, 491, 3, 10.00000000, '2013-10-09', '15:25:00', 1.00000000, 10.00000000, 'TADEU', 'BJP-4513', 21084, '2013-10-09', 4, 'N', 'PREF. MUN. SECRETARI', '0000-00-00', 0.00000000, 0.00000000, 10.00000000, '0000-00-00 00:00:00', '0000-00-00 00:00:00'),
(153, 1, 492, 3, 10.00000000, '2013-10-09', '15:51:00', 1.00000000, 10.00000000, 'TADEU', 'BJP-4513', 21085, '2013-10-09', 4, 'C', 'PREF. MUN. SECRETARI', '2013-10-09', 0.00000000, 0.00000000, 10.00000000, '0000-00-00 00:00:00', '0000-00-00 00:00:00'),
(154, 1, 493, 3, 10.00000000, '2013-10-09', '15:55:00', 1.00000000, 10.00000000, 'TADEU', 'BJP-3514', 21086, '2013-10-09', 4, 'N', 'PREF. MUN. SECRETARI', '0000-00-00', 0.00000000, 0.00000000, 10.00000000, '0000-00-00 00:00:00', '0000-00-00 00:00:00'),
(155, 1, 494, 3, 10.00000000, '2013-10-09', '16:20:00', 1.00000000, 10.00000000, 'TADEU', 'BJP-4513', 21087, '2013-10-09', 4, 'N', 'PREF. MUN. SECRETARI', '0000-00-00', 0.00000000, 0.00000000, 10.00000000, '0000-00-00 00:00:00', '0000-00-00 00:00:00'),
(156, 1, 495, 3, 10.00000000, '2013-10-09', '16:37:00', 1.00000000, 10.00000000, 'TADEU', 'BJP-1534', 21088, '2013-10-09', 4, 'N', 'PREF. MUN. SECRETARI', '0000-00-00', 0.00000000, 0.00000000, 10.00000000, '0000-00-00 00:00:00', '0000-00-00 00:00:00'),
(157, 1, 500, 3, 10.00000000, '2013-10-09', '16:52:00', 1.00000000, 10.00000000, 'TADEU', 'BKP-4513', 21092, '2013-10-09', 4, 'N', 'PREF. MUN. SECRETARI', '0000-00-00', 0.00000000, 0.00000000, 42.10000000, '0000-00-00 00:00:00', '0000-00-00 00:00:00'),
(158, 1, 503, 3, 10.00000000, '2013-10-09', '17:12:00', 1.00000000, 10.00000000, 'MARIO', 'BJP-4512', 21096, '2013-10-09', 4, 'N', 'PREF. MUN. SECRETARI', '0000-00-00', 0.00000000, 0.00000000, 10.00000000, '0000-00-00 00:00:00', '0000-00-00 00:00:00'),
(159, 1, 504, 3, 10.00000000, '2013-10-09', '17:13:00', 1.00000000, 10.00000000, '', '', 21098, '2013-10-09', 4, 'N', '', '0000-00-00', 0.00000000, 0.00000000, 10.00000000, '0000-00-00 00:00:00', '0000-00-00 00:00:00'),
(160, 1, 505, 3, 10.00000000, '2013-10-09', '17:13:00', 1.00000000, 10.00000000, 'CLUBE', 'BJP-4512', 21099, '2013-10-09', 4, 'N', 'PREF. MUN. SECRETARI', '0000-00-00', 0.00000000, 0.00000000, 45.00000000, '0000-00-00 00:00:00', '0000-00-00 00:00:00'),
(161, 1, 506, 4, 35.00000000, '2013-10-09', '17:13:00', 1.00000000, 35.00000000, 'CLUBE', 'BJP-4512', 21099, '2013-10-09', 4, 'N', 'PREF. MUN. SECRETARI', '0000-00-00', 0.00000000, 0.00000000, 45.00000000, '0000-00-00 00:00:00', '0000-00-00 00:00:00'),
(162, 1, 507, 3, 10.00000000, '2013-10-10', '10:41:00', 1.00000000, 10.00000000, '', '', 21104, '2013-10-10', 4, 'C', 'PREF. MUN. SECRETARI', '2013-10-10', 0.00000000, 0.00000000, 10.00000000, '0000-00-00 00:00:00', '0000-00-00 00:00:00'),
(163, 1, 508, 3, 10.00000000, '2013-10-10', '10:44:00', 1.00000000, 10.00000000, '', '', 21105, '2013-10-10', 4, 'N', 'PREF. MUN. SECRETARI', '0000-00-00', 0.00000000, 0.00000000, 10.00000000, '0000-00-00 00:00:00', '0000-00-00 00:00:00'),
(164, 1, 509, 3, 10.00000000, '2013-10-10', '10:45:00', 1.00000000, 10.00000000, '', '', 21107, '2013-10-10', 4, 'N', 'PREF. MUN. SECRETARI', '0000-00-00', 0.00000000, 0.00000000, 10.00000000, '0000-00-00 00:00:00', '0000-00-00 00:00:00'),
(165, 1, 510, 3, 10.00000000, '2013-10-11', '16:05:00', 1.00000000, 10.00000000, '', '', 21112, '2013-10-11', 4, 'N', '', '0000-00-00', 0.00000000, 0.00000000, 10.00000000, '0000-00-00 00:00:00', '0000-00-00 00:00:00'),
(166, 1, 512, 2, 5.98000000, '2013-10-14', '09:01:00', 5.33000000, 1.12300000, '', '', 21117, '2013-10-14', 4, 'N', '', '0000-00-00', 0.00000000, 0.00000000, 5.98000000, '0000-00-00 00:00:00', '0000-00-00 00:00:00'),
(167, 1, 524, 3, 10.00000000, '2013-10-17', '11:34:00', 1.00000000, 10.00000000, '', '', 21148, '2013-10-17', 4, 'C', '', '2013-10-17', 0.00000000, 0.00000000, 45.00000000, '0000-00-00 00:00:00', '0000-00-00 00:00:00'),
(168, 1, 525, 4, 35.00000000, '2013-10-17', '11:34:00', 1.00000000, 35.00000000, '', '', 21148, '2013-10-17', 4, 'N', '', '0000-00-00', 0.00000000, 0.00000000, 45.00000000, '0000-00-00 00:00:00', '0000-00-00 00:00:00'),
(169, 1, 526, 3, 10.00000000, '2013-10-17', '11:34:00', 1.00000000, 10.00000000, '', '', 21148, '2013-10-17', 4, 'N', '', '0000-00-00', 0.00000000, 0.00000000, 45.00000000, '0000-00-00 00:00:00', '0000-00-00 00:00:00'),
(170, 1, 527, 3, 10.00000000, '2013-10-18', '16:55:00', 1.00000000, 10.00000000, '', '', 4527, '2013-10-18', 4, 'N', '', '0000-00-00', 0.00000000, 0.00000000, 10.00000000, '0000-00-00 00:00:00', '0000-00-00 00:00:00'),
(171, 1, 528, 1, 16.93000000, '2013-10-18', '16:56:00', 15.08000000, 1.12300000, '', '', 4530, '2013-10-18', 4, 'C', '', '2013-10-18', 0.00000000, 0.00000000, 206.23000000, '0000-00-00 00:00:00', '0000-00-00 00:00:00'),
(172, 1, 529, 2, 13.28000000, '2013-10-18', '16:56:00', 11.83000000, 1.12300000, '', '', 4530, '2013-10-18', 4, 'C', '', '2013-10-18', 0.00000000, 0.00000000, 206.23000000, '0000-00-00 00:00:00', '0000-00-00 00:00:00'),
(173, 1, 530, 8, 14.89000000, '2013-10-18', '16:56:00', 13.26000000, 1.12300000, '', '', 4530, '2013-10-18', 4, 'C', '', '2013-10-18', 0.00000000, 0.00000000, 206.23000000, '0000-00-00 00:00:00', '0000-00-00 00:00:00'),
(174, 1, 531, 9, 15.32000000, '2013-10-18', '16:56:00', 13.65000000, 1.12300000, '', '', 4530, '2013-10-18', 4, 'C', '', '2013-10-18', 0.00000000, 0.00000000, 206.23000000, '0000-00-00 00:00:00', '0000-00-00 00:00:00'),
(175, 1, 532, 10, 14.74000000, '2013-10-18', '16:56:00', 13.13000000, 1.12300000, '', '', 4530, '2013-10-18', 4, 'C', '', '2013-10-18', 0.00000000, 0.00000000, 206.23000000, '0000-00-00 00:00:00', '0000-00-00 00:00:00'),
(176, 1, 533, 11, 15.18000000, '2013-10-18', '16:56:00', 13.52000000, 1.12300000, '', '', 4530, '2013-10-18', 4, 'C', '', '2013-10-18', 0.00000000, 0.00000000, 206.23000000, '0000-00-00 00:00:00', '0000-00-00 00:00:00'),
(177, 1, 534, 14, 12.99000000, '2013-10-18', '16:56:00', 11.57000000, 1.12300000, '', '', 4530, '2013-10-18', 4, 'C', '', '2013-10-18', 0.00000000, 0.00000000, 206.23000000, '0000-00-00 00:00:00', '0000-00-00 00:00:00'),
(178, 1, 535, 15, 11.53000000, '2013-10-18', '16:56:00', 10.27000000, 1.12300000, '', '', 4530, '2013-10-18', 4, 'C', '', '2013-10-18', 0.00000000, 0.00000000, 206.23000000, '0000-00-00 00:00:00', '0000-00-00 00:00:00'),
(179, 1, 536, 16, 25.25000000, '2013-10-18', '16:56:00', 22.49000000, 1.12300000, '', '', 4530, '2013-10-18', 4, 'C', '', '2013-10-18', 0.00000000, 0.00000000, 206.23000000, '0000-00-00 00:00:00', '0000-00-00 00:00:00'),
(180, 1, 537, 17, 25.69000000, '2013-10-18', '16:56:00', 22.88000000, 1.12300000, '', '', 4530, '2013-10-18', 4, 'C', '', '2013-10-18', 0.00000000, 0.00000000, 206.23000000, '0000-00-00 00:00:00', '0000-00-00 00:00:00'),
(181, 1, 538, 18, 20.00000000, '2013-10-18', '16:56:00', 17.81000000, 1.12300000, '', '', 4530, '2013-10-18', 4, 'C', '', '2013-10-18', 0.00000000, 0.00000000, 206.23000000, '0000-00-00 00:00:00', '0000-00-00 00:00:00'),
(182, 1, 539, 13, 20.43000000, '2013-10-18', '16:56:00', 18.20000000, 1.12300000, '', '', 4530, '2013-10-18', 4, 'C', '', '2013-10-18', 0.00000000, 0.00000000, 206.23000000, '0000-00-00 00:00:00', '0000-00-00 00:00:00'),
(183, 1, 541, 3, 10.00000000, '2013-11-06', '10:57:00', 1.00000000, 10.00000000, '', '', 21265, '2013-11-06', 4, 'P', 'PREF. MUN. SECRETARI', '0000-00-00', 0.00000000, 0.00000000, 10.00000000, '0000-00-00 00:00:00', '0000-00-00 00:00:00'),
(184, 1, 566, 1, 3.00000000, '2013-11-12', '08:21:00', 2.67900000, 1.12300000, '', '', 21324, '2013-11-12', 4, 'N', '', '0000-00-00', 0.00000000, 0.00000000, 3.00000000, '0000-00-00 00:00:00', '0000-00-00 00:00:00'),
(185, 1, 567, 2, 4.13000000, '2013-11-12', '08:21:00', 3.68100000, 1.12300000, '', '', 21325, '2013-11-12', 4, 'N', '', '0000-00-00', 0.00000000, 0.00000000, 4.13000000, '0000-00-00 00:00:00', '0000-00-00 00:00:00'),
(186, 1, 591, 3, 10.00000000, '2013-11-12', '16:18:00', 1.00000000, 10.00000000, '', '', 21330, '2013-11-12', 4, 'N', '', '0000-00-00', 0.00000000, 0.00000000, 60.70000000, '0000-00-00 00:00:00', '0000-00-00 00:00:00'),
(187, 1, 632, 3, 10.00000000, '2013-11-20', '15:05:00', 1.00000000, 10.00000000, '', '', 1760, '2013-11-20', 4, 'C', '', '2013-11-20', 0.00000000, 0.00000000, 10.00000000, '0000-00-00 00:00:00', '0000-00-00 00:00:00'),
(188, 1, 633, 7, 30.00000000, '2013-11-20', '16:16:00', 1.00000000, 30.00000000, '', '', 1767, '2013-11-20', 4, 'C', '', '2013-11-20', 0.00000000, 0.00000000, 30.00000000, '0000-00-00 00:00:00', '0000-00-00 00:00:00'),
(189, 1, 637, 3, 10.00000000, '2013-11-20', '16:48:00', 1.00000000, 10.00000000, '', '', 1771, '2013-11-20', 4, 'N', '', '0000-00-00', 0.00000000, 0.00000000, 54.50000000, '0000-00-00 00:00:00', '0000-00-00 00:00:00'),
(190, 1, 638, 7, 30.00000000, '2013-11-20', '16:48:00', 1.00000000, 30.00000000, '', '', 1771, '2013-11-20', 4, 'N', '', '0000-00-00', 0.00000000, 0.00000000, 54.50000000, '0000-00-00 00:00:00', '0000-00-00 00:00:00'),
(191, 1, 639, 3, 10.00000000, '2013-11-20', '18:05:00', 1.00000000, 10.00000000, '', '', 21375, '2013-11-20', 4, 'N', '', '0000-00-00', 0.00000000, 0.00000000, 1224.50000000, '0000-00-00 00:00:00', '0000-00-00 00:00:00'),
(192, 1, 640, 5, 1200.00000000, '2013-11-20', '18:05:00', 1.00000000, 1200.00000000, '', '', 21375, '2013-11-20', 4, 'N', '', '0000-00-00', 0.00000000, 0.00000000, 1224.50000000, '0000-00-00 00:00:00', '0000-00-00 00:00:00'),
(193, 1, 757, 1, 27.90000000, '2013-12-18', '17:28:00', 10.53000000, 2.65000000, '', '', 21458, '2013-12-18', 4, 'N', '', '0000-00-00', 0.00000000, 0.00000000, 27.90000000, '0000-00-00 00:00:00', '0000-00-00 00:00:00'),
(194, 1, 758, 2, 32.60000000, '2013-12-18', '17:28:00', 11.44000000, 2.85000000, '', '', 21459, '2013-12-18', 4, 'N', '', '0000-00-00', 0.00000000, 0.00000000, 32.60000000, '0000-00-00 00:00:00', '0000-00-00 00:00:00'),
(195, 1, 759, 8, 11.38000000, '2013-12-18', '17:29:00', 10.14000000, 1.12300000, '', '', 21460, '2013-12-18', 4, 'N', '', '0000-00-00', 0.00000000, 0.00000000, 11.38000000, '0000-00-00 00:00:00', '0000-00-00 00:00:00'),
(196, 1, 760, 9, 12.55000000, '2013-12-18', '17:29:00', 11.18000000, 1.12300000, '', '', 21461, '2013-12-18', 4, 'N', '', '0000-00-00', 0.00000000, 0.00000000, 12.55000000, '0000-00-00 00:00:00', '0000-00-00 00:00:00'),
(197, 1, 761, 10, 13.28000000, '2013-12-18', '17:29:00', 11.83000000, 1.12300000, '', '', 21462, '2013-12-18', 4, 'N', '', '0000-00-00', 0.00000000, 0.00000000, 13.28000000, '0000-00-00 00:00:00', '0000-00-00 00:00:00'),
(198, 1, 762, 11, 12.55000000, '2013-12-18', '17:29:00', 11.18000000, 1.12300000, '', '', 21463, '2013-12-18', 4, 'N', '', '0000-00-00', 0.00000000, 0.00000000, 12.55000000, '0000-00-00 00:00:00', '0000-00-00 00:00:00'),
(199, 1, 764, 4, 35.00000000, '2013-12-19', '09:07:00', 1.00000000, 35.00000000, '', '', 21467, '2013-12-19', 4, 'N', '', '0000-00-00', 0.00000000, 0.00000000, 41.12000000, '0000-00-00 00:00:00', '0000-00-00 00:00:00'),
(200, 1, 765, 1, 27.90000000, '2013-12-18', '17:28:00', 10.53000000, 2.65000000, '', '', 21458, '2013-12-18', 4, 'N', '', '0000-00-00', 0.00000000, 0.00000000, 27.90000000, '0000-00-00 00:00:00', '0000-00-00 00:00:00'),
(201, 1, 766, 2, 32.60000000, '2013-12-18', '17:28:00', 11.44000000, 2.85000000, '', '', 21459, '2013-12-18', 4, 'N', '', '0000-00-00', 0.00000000, 0.00000000, 32.60000000, '0000-00-00 00:00:00', '0000-00-00 00:00:00'),
(202, 1, 767, 8, 11.38000000, '2013-12-18', '17:29:00', 10.14000000, 1.12300000, '', '', 21460, '2013-12-18', 4, 'N', '', '0000-00-00', 0.00000000, 0.00000000, 11.38000000, '0000-00-00 00:00:00', '0000-00-00 00:00:00'),
(203, 1, 768, 9, 12.55000000, '2013-12-18', '17:29:00', 11.18000000, 1.12300000, '', '', 21461, '2013-12-18', 4, 'N', '', '0000-00-00', 0.00000000, 0.00000000, 12.55000000, '0000-00-00 00:00:00', '0000-00-00 00:00:00'),
(204, 1, 769, 10, 13.28000000, '2013-12-18', '17:29:00', 11.83000000, 1.12300000, '', '', 21462, '2013-12-18', 4, 'N', '', '0000-00-00', 0.00000000, 0.00000000, 13.28000000, '0000-00-00 00:00:00', '0000-00-00 00:00:00'),
(205, 1, 770, 11, 12.55000000, '2013-12-18', '17:29:00', 11.18000000, 1.12300000, '', '', 21463, '2013-12-18', 4, 'N', '', '0000-00-00', 0.00000000, 0.00000000, 12.55000000, '0000-00-00 00:00:00', '0000-00-00 00:00:00'),
(206, 1, 772, 4, 35.00000000, '2013-12-19', '09:07:00', 1.00000000, 35.00000000, '', '', 21467, '2013-12-19', 4, 'N', '', '0000-00-00', 0.00000000, 0.00000000, 41.12000000, '0000-00-00 00:00:00', '0000-00-00 00:00:00'),
(207, 1, 773, 1, 27.90000000, '2013-12-18', '17:28:00', 10.53000000, 2.65000000, '', '', 21458, '2013-12-18', 4, 'N', '', '0000-00-00', 0.00000000, 0.00000000, 27.90000000, '0000-00-00 00:00:00', '0000-00-00 00:00:00'),
(208, 1, 774, 2, 32.60000000, '2013-12-18', '17:28:00', 11.44000000, 2.85000000, '', '', 21459, '2013-12-18', 4, 'N', '', '0000-00-00', 0.00000000, 0.00000000, 32.60000000, '0000-00-00 00:00:00', '0000-00-00 00:00:00'),
(209, 1, 775, 8, 11.38000000, '2013-12-18', '17:29:00', 10.14000000, 1.12300000, '', '', 21460, '2013-12-18', 4, 'N', '', '0000-00-00', 0.00000000, 0.00000000, 11.38000000, '0000-00-00 00:00:00', '0000-00-00 00:00:00'),
(210, 1, 776, 9, 12.55000000, '2013-12-18', '17:29:00', 11.18000000, 1.12300000, '', '', 21461, '2013-12-18', 4, 'N', '', '0000-00-00', 0.00000000, 0.00000000, 12.55000000, '0000-00-00 00:00:00', '0000-00-00 00:00:00'),
(211, 1, 777, 10, 13.28000000, '2013-12-18', '17:29:00', 11.83000000, 1.12300000, '', '', 21462, '2013-12-18', 4, 'N', '', '0000-00-00', 0.00000000, 0.00000000, 13.28000000, '0000-00-00 00:00:00', '0000-00-00 00:00:00'),
(212, 1, 778, 11, 12.55000000, '2013-12-18', '17:29:00', 11.18000000, 1.12300000, '', '', 21463, '2013-12-18', 4, 'N', '', '0000-00-00', 0.00000000, 0.00000000, 12.55000000, '0000-00-00 00:00:00', '0000-00-00 00:00:00'),
(213, 1, 780, 4, 35.00000000, '2013-12-19', '09:07:00', 1.00000000, 35.00000000, '', '', 21467, '2013-12-19', 4, 'N', '', '0000-00-00', 0.00000000, 0.00000000, 41.12000000, '0000-00-00 00:00:00', '0000-00-00 00:00:00'),
(214, 1, 781, 3, 10.00000000, '2013-12-05', '08:36:00', 1.00000000, 10.00000000, '', '', 21441, '2013-12-05', 4, 'C', '', '2013-12-05', 0.00000000, 0.00000000, 10.00000000, '0000-00-00 00:00:00', '0000-00-00 00:00:00'),
(215, 1, 794, 1, 5.51000000, '2014-01-07', '14:39:00', 2.08000000, 2.65000000, '', '', 21493, '2014-01-07', 4, 'N', '', '0000-00-00', 0.00000000, 0.00000000, 5.51000000, '0000-00-00 00:00:00', '0000-00-00 00:00:00'),
(216, 1, 903, 3, 10.00000000, '2014-02-12', '17:24:00', 1.00000000, 10.00000000, '', '', 21528, '2014-02-12', 4, 'N', '', '0000-00-00', 0.00000000, 0.00000000, 10.00000000, '0000-00-00 00:00:00', '0000-00-00 00:00:00'),
(217, 1, 904, 3, 10.00000000, '2014-02-17', '16:33:00', 1.00000000, 10.00000000, '', '', 21530, '2014-02-17', 4, 'N', '', '0000-00-00', 0.00000000, 0.00000000, 10.00000000, '0000-00-00 00:00:00', '0000-00-00 00:00:00'),
(218, 1, 905, 3, 10.00000000, '2014-02-26', '15:28:00', 1.00000000, 10.00000000, '', '', 21534, '2014-02-26', 4, 'N', '', '0000-00-00', 0.00000000, 0.00000000, 10.00000000, '0000-00-00 00:00:00', '0000-00-00 00:00:00'),
(219, 1, 4321, 3, 50.00000000, '2014-09-11', '10:48:00', 5.00000000, 10.00000000, '', '', 21760, '2014-09-11', 4, 'N', '', '0000-00-00', 0.00000000, 0.00000000, 80.00000000, '0000-00-00 00:00:00', '0000-00-00 00:00:00'),
(220, 1, 4166, 4, 35.00000000, '2014-03-13', '11:18:00', 1.00000000, 35.00000000, '', '', 21540, '2014-03-13', 4, 'N', '', '0000-00-00', 0.00000000, 0.00000000, 35.00000000, '0000-00-00 00:00:00', '0000-00-00 00:00:00'),
(221, 1, 4228, 1, 10.00000000, '2014-04-15', '17:58:00', 8.90500000, 1.12300000, '', '', 21626, '2014-04-15', 4, 'C', '', '2014-04-15', 0.00000000, 0.00000000, 10.00000000, '0000-00-00 00:00:00', '0000-00-00 00:00:00'),
(222, 1, 4260, 3, 10.00000000, '2014-05-16', '09:40:00', 1.00000000, 10.00000000, '', '', 21690, '2014-05-16', 4, 'N', '', '0000-00-00', 0.00000000, 0.00000000, 10.00000000, '0000-00-00 00:00:00', '0000-00-00 00:00:00'),
(223, 1, 4261, 3, 10.00000000, '2014-05-16', '10:33:00', 1.00000000, 10.00000000, '', '', 21691, '2014-05-16', 4, 'N', '', '0000-00-00', 0.00000000, 0.00000000, 10.00000000, '0000-00-00 00:00:00', '0000-00-00 00:00:00'),
(224, 1, 4262, 3, 10.00000000, '2014-05-16', '11:07:00', 1.00000000, 10.00000000, '', '', 21693, '2014-05-16', 4, 'C', '', '2014-05-16', 0.00000000, 0.00000000, 10.00000000, '0000-00-00 00:00:00', '0000-00-00 00:00:00'),
(225, 1, 4263, 3, 10.00000000, '2014-05-16', '11:55:00', 1.00000000, 10.00000000, '', '', 21698, '2014-05-16', 4, 'N', '', '0000-00-00', 0.00000000, 0.10000000, 10.10000000, '0000-00-00 00:00:00', '0000-00-00 00:00:00');
INSERT INTO `dadosfaturamento` (`_id`, `tenant_id`, `codigo`, `produto_codigo`, `valorproduto`, `datanegociacao`, `hora`, `quantidade`, `valorunitario`, `motorista`, `placa`, `numeronota`, `emissao`, `caixa_codigo`, `excluido`, `nomecliente`, `datacancelamento`, `valordesconto`, `valoracrescimo`, `valortotalcupom`, `created_at`, `updated_at`) VALUES
(226, 1, 4279, 3, 10.00000000, '2014-05-26', '17:26:00', 1.00000000, 10.00000000, '', '', 21710, '2014-05-26', 4, 'N', '', '0000-00-00', 0.00000000, 0.00000000, 16.42000000, '0000-00-00 00:00:00', '0000-00-00 00:00:00'),
(227, 1, 4289, 3, 10.00000000, '2014-05-29', '14:27:00', 1.00000000, 10.00000000, '', '', 21724, '2014-05-29', 4, 'N', '', '0000-00-00', 0.00000000, 0.00000000, 20.79000000, '0000-00-00 00:00:00', '0000-00-00 00:00:00'),
(228, 1, 4297, 3, 10.00000000, '2014-06-02', '10:19:00', 1.00000000, 10.00000000, '', '', 21731, '2014-06-02', 4, 'P', 'APARICIO CASTELLI', '0000-00-00', 0.00000000, 0.00000000, 18.02000000, '0000-00-00 00:00:00', '0000-00-00 00:00:00'),
(229, 1, 4300, 4, 35.00000000, '2014-06-02', '10:23:00', 1.00000000, 35.00000000, '', '', 21732, '2014-06-02', 4, 'N', 'CLIENTE', '0000-00-00', 0.00000000, 0.00000000, 41.85000000, '0000-00-00 00:00:00', '0000-00-00 00:00:00'),
(230, 1, 4302, 3, 10.00000000, '2014-06-02', '10:24:00', 1.00000000, 10.00000000, '', '', 21733, '2014-06-02', 4, 'P', 'PREF. MUN. SECRETARI', '0000-00-00', 0.00000000, 0.00000000, 13.06000000, '0000-00-00 00:00:00', '0000-00-00 00:00:00'),
(231, 1, 4305, 3, 10.00000000, '2014-06-02', '10:26:00', 1.00000000, 10.00000000, '', '', 21734, '2014-06-02', 4, 'N', '', '0000-00-00', 0.00000000, 0.00000000, 31.45000000, '0000-00-00 00:00:00', '0000-00-00 00:00:00'),
(232, 1, 4307, 3, 10.00000000, '2014-06-02', '10:27:00', 1.00000000, 10.00000000, '', ' - ', 21735, '2014-06-02', 4, 'P', 'APARICIO CASTELLI', '0000-00-00', 0.00000000, 0.00000000, 21.38000000, '0000-00-00 00:00:00', '0000-00-00 00:00:00'),
(233, 1, 4309, 3, 10.00000000, '2014-08-15', '15:30:00', 1.00000000, 10.00000000, '', '', 21743, '2014-08-15', 4, 'N', '', '0000-00-00', 0.00000000, 0.00000000, 45.25000000, '0000-00-00 00:00:00', '0000-00-00 00:00:00'),
(234, 1, 4310, 3, 10.00000000, '2014-08-15', '15:30:00', 1.00000000, 10.00000000, '', '', 21743, '2014-08-15', 4, 'N', '', '0000-00-00', 0.00000000, 0.00000000, 45.25000000, '0000-00-00 00:00:00', '0000-00-00 00:00:00'),
(235, 1, 4312, 3, 10.00000000, '2014-08-15', '15:32:00', 1.00000000, 10.00000000, '', '', 21744, '2014-08-15', 4, 'N', 'CLIENTE', '0000-00-00', 0.00000000, 0.00000000, 22.26000000, '0000-00-00 00:00:00', '0000-00-00 00:00:00'),
(236, 1, 4314, 3, 10.00000000, '2014-09-10', '18:09:00', 1.00000000, 10.00000000, '', '', 21751, '2014-09-10', 4, 'N', 'APARICIO CASTELLI', '0000-00-00', 0.00000000, 0.00000000, 10.00000000, '0000-00-00 00:00:00', '0000-00-00 00:00:00'),
(237, 1, 4315, 4, 35.00000000, '2014-09-10', '18:09:00', 1.00000000, 35.00000000, '', '', 21752, '2014-09-10', 4, 'N', 'APARICIO CASTELLI', '0000-00-00', 0.00000000, 0.00000000, 35.00000000, '0000-00-00 00:00:00', '0000-00-00 00:00:00'),
(238, 1, 4316, 3, 10.00000000, '2014-09-10', '18:10:00', 1.00000000, 10.00000000, '', '', 21753, '2014-09-10', 4, 'N', 'APARICIO CASTELLI', '0000-00-00', 0.00000000, 0.00000000, 10.00000000, '0000-00-00 00:00:00', '0000-00-00 00:00:00'),
(239, 1, 4317, 3, 10.00000000, '2014-09-10', '18:10:00', 1.00000000, 10.00000000, '', '', 21754, '2014-09-10', 4, 'N', 'APARICIO CASTELLI', '0000-00-00', 0.00000000, 0.00000000, 45.00000000, '0000-00-00 00:00:00', '0000-00-00 00:00:00'),
(240, 1, 4318, 4, 35.00000000, '2014-09-10', '18:10:00', 1.00000000, 35.00000000, '', '', 21754, '2014-09-10', 4, 'N', 'APARICIO CASTELLI', '0000-00-00', 0.00000000, 0.00000000, 45.00000000, '0000-00-00 00:00:00', '0000-00-00 00:00:00'),
(241, 1, 4319, 3, 10.00000000, '2014-09-10', '18:11:00', 1.00000000, 10.00000000, '', '', 21755, '2014-09-10', 4, 'N', 'APARICIO CASTELLI', '0000-00-00', 0.00000000, 0.00000000, 10.00000000, '0000-00-00 00:00:00', '0000-00-00 00:00:00'),
(242, 1, 4338, 3, 10.00000000, '2014-10-01', '18:19:00', 1.00000000, 10.00000000, '', '', 21788, '2014-10-01', 4, 'N', '', '0000-00-00', 0.00000000, 0.00000000, 10.00000000, '0000-00-00 00:00:00', '0000-00-00 00:00:00'),
(243, 1, 4339, 3, 10.00000000, '2014-10-01', '18:21:00', 1.00000000, 10.00000000, '', '', 21789, '2014-10-01', 4, 'N', '', '0000-00-00', 0.00000000, 0.00000000, 10.00000000, '0000-00-00 00:00:00', '0000-00-00 00:00:00'),
(244, 1, 4343, 3, 10.00000000, '2014-10-22', '16:40:00', 1.00000000, 10.00000000, '', '', 21803, '2014-10-22', 4, 'N', '', '0000-00-00', 0.00000000, 0.00000000, 10.00000000, '0000-00-00 00:00:00', '0000-00-00 00:00:00'),
(245, 1, 4344, 3, 10.00000000, '2014-10-22', '17:27:00', 1.00000000, 10.00000000, '', '', 1, '2014-10-22', 4, 'N', 'ARIEL', '0000-00-00', 0.00000000, 0.00000000, 10.00000000, '0000-00-00 00:00:00', '0000-00-00 00:00:00'),
(246, 1, 4345, 3, 10.00000000, '2014-10-23', '15:52:00', 1.00000000, 10.00000000, '', '', 21808, '2014-10-23', 4, 'N', '', '0000-00-00', 0.00000000, 0.00000000, 10.00000000, '0000-00-00 00:00:00', '0000-00-00 00:00:00'),
(247, 1, 4346, 3, 10.00000000, '2014-10-22', '16:01:00', 1.00000000, 10.00000000, '', '', 21801, '2014-10-22', 4, 'N', '', '0000-00-00', 0.00000000, 0.00000000, 10.00000000, '0000-00-00 00:00:00', '0000-00-00 00:00:00'),
(248, 1, 4347, 3, 10.00000000, '2014-10-23', '15:45:00', 1.00000000, 10.00000000, '', '', 21807, '2014-10-23', 4, 'N', '', '0000-00-00', 0.00000000, 0.00000000, 10.00000000, '0000-00-00 00:00:00', '0000-00-00 00:00:00'),
(249, 1, 4348, 4, 35.00000000, '2014-10-22', '16:02:00', 1.00000000, 35.00000000, '', '', 21802, '2014-10-22', 4, 'N', '', '0000-00-00', 0.00000000, 0.00000000, 35.00000000, '0000-00-00 00:00:00', '0000-00-00 00:00:00'),
(250, 1, 4349, 4, 35.00000000, '2014-10-23', '15:55:00', 1.00000000, 35.00000000, '', '', 21811, '2014-10-23', 4, 'N', '', '0000-00-00', 0.00000000, 0.00000000, 35.00000000, '0000-00-00 00:00:00', '0000-00-00 00:00:00'),
(251, 1, 4350, 4, 35.00000000, '2014-10-23', '15:58:00', 1.00000000, 35.00000000, '', '', 21813, '2014-10-23', 4, 'N', '', '0000-00-00', 0.00000000, 0.00000000, 36.02000000, '0000-00-00 00:00:00', '0000-00-00 00:00:00'),
(252, 1, 4351, 4, 420.00000000, '2014-11-04', '09:02:00', 12.00000000, 35.00000000, '', '', 21825, '2014-11-04', 4, 'N', '', '0000-00-00', 0.00000000, 0.00000000, 420.00000000, '0000-00-00 00:00:00', '0000-00-00 00:00:00'),
(253, 1, 4352, 3, 10.00000000, '2014-11-04', '09:20:00', 1.00000000, 10.00000000, '', '', 21826, '2014-11-04', 4, 'N', '', '0000-00-00', 0.00000000, 0.00000000, 10.00000000, '0000-00-00 00:00:00', '0000-00-00 00:00:00'),
(254, 1, 4353, 6, 1440.00000000, '2014-11-04', '09:21:00', 12.00000000, 120.00000000, '', '', 21827, '2014-11-04', 4, 'N', '', '0000-00-00', 0.00000000, 0.00000000, 1485.00000000, '0000-00-00 00:00:00', '0000-00-00 00:00:00'),
(255, 1, 4354, 4, 35.00000000, '2014-11-04', '09:21:00', 1.00000000, 35.00000000, '', '', 21827, '2014-11-04', 4, 'N', '', '0000-00-00', 0.00000000, 0.00000000, 1485.00000000, '0000-00-00 00:00:00', '0000-00-00 00:00:00'),
(256, 1, 4355, 3, 10.00000000, '2014-11-04', '09:21:00', 1.00000000, 10.00000000, '', '', 21827, '2014-11-04', 4, 'N', '', '0000-00-00', 0.00000000, 0.00000000, 1485.00000000, '0000-00-00 00:00:00', '0000-00-00 00:00:00'),
(257, 1, 4357, 4, 35.00000000, '2014-11-10', '14:01:00', 1.00000000, 35.00000000, '', '', 21838, '2014-11-10', 4, 'N', '', '0000-00-00', 0.00000000, 0.00000000, 35.00000000, '0000-00-00 00:00:00', '0000-00-00 00:00:00'),
(258, 1, 4403, 3, 10.00000000, '2014-11-18', '14:17:00', 1.00000000, 10.00000000, '', '', 21891, '2014-11-18', 4, 'N', '', '0000-00-00', 0.00000000, 0.00000000, 63.87000000, '0000-00-00 00:00:00', '0000-00-00 00:00:00'),
(259, 1, 4412, 3, 10.00000000, '2014-11-18', '14:47:00', 1.00000000, 10.00000000, '', '', 21899, '2014-11-18', 4, 'N', '', '0000-00-00', 0.00000000, 0.00000000, 61.24000000, '0000-00-00 00:00:00', '0000-00-00 00:00:00'),
(260, 1, 4413, 3, 10.00000000, '2014-11-20', '15:12:00', 1.00000000, 10.00000000, '', '', 4583, '2014-11-20', 4, 'N', '', '0000-00-00', 0.00000000, 0.00000000, 1395.00000000, '0000-00-00 00:00:00', '0000-00-00 00:00:00'),
(261, 1, 4414, 4, 35.00000000, '2014-11-20', '15:12:00', 1.00000000, 35.00000000, '', '', 4583, '2014-11-20', 4, 'N', '', '0000-00-00', 0.00000000, 0.00000000, 1395.00000000, '0000-00-00 00:00:00', '0000-00-00 00:00:00'),
(262, 1, 4415, 5, 1200.00000000, '2014-11-20', '15:12:00', 1.00000000, 1200.00000000, '', '', 4583, '2014-11-20', 4, 'N', '', '0000-00-00', 0.00000000, 0.00000000, 1395.00000000, '0000-00-00 00:00:00', '0000-00-00 00:00:00'),
(263, 1, 4416, 6, 120.00000000, '2014-11-20', '15:12:00', 1.00000000, 120.00000000, '', '', 4583, '2014-11-20', 4, 'N', '', '0000-00-00', 0.00000000, 0.00000000, 1395.00000000, '0000-00-00 00:00:00', '0000-00-00 00:00:00'),
(264, 1, 4417, 7, 30.00000000, '2014-11-20', '15:12:00', 1.00000000, 30.00000000, '', '', 4583, '2014-11-20', 4, 'N', '', '0000-00-00', 0.00000000, 0.00000000, 1395.00000000, '0000-00-00 00:00:00', '0000-00-00 00:00:00'),
(265, 1, 4418, 3, 10.00000000, '2014-11-20', '15:15:00', 1.00000000, 10.00000000, '', '', 4584, '2014-11-20', 4, 'N', '', '0000-00-00', 0.00000000, 0.00000000, 10.00000000, '0000-00-00 00:00:00', '0000-00-00 00:00:00'),
(266, 1, 4436, 3, 10.00000000, '2014-11-26', '08:13:00', 1.00000000, 10.00000000, '', '', 21933, '2014-11-26', 4, 'N', '', '0000-00-00', 0.00000000, 0.00000000, 45.00000000, '0000-00-00 00:00:00', '0000-00-00 00:00:00'),
(267, 1, 4437, 4, 35.00000000, '2014-11-26', '08:13:00', 1.00000000, 35.00000000, '', '', 21933, '2014-11-26', 4, 'N', '', '0000-00-00', 0.00000000, 0.00000000, 45.00000000, '0000-00-00 00:00:00', '0000-00-00 00:00:00'),
(268, 1, 4438, 3, 10.00000000, '2014-11-26', '10:40:00', 1.00000000, 10.00000000, '', '', 21951, '2014-11-26', 4, 'N', '', '0000-00-00', 0.00000000, 1.00000000, 11.00000000, '0000-00-00 00:00:00', '0000-00-00 00:00:00'),
(269, 1, 4439, 4, 35.00000000, '2014-11-26', '10:41:00', 1.00000000, 35.00000000, '', '', 21952, '2014-11-26', 4, 'N', '', '0000-00-00', 1.00000000, 0.00000000, 34.00000000, '0000-00-00 00:00:00', '0000-00-00 00:00:00'),
(270, 1, 4440, 3, 10.00000000, '2014-11-26', '10:42:00', 1.00000000, 10.00000000, '', '', 21953, '2014-11-26', 4, 'N', 'ARIEL', '0000-00-00', 0.00000000, 0.00000000, 1395.00000000, '0000-00-00 00:00:00', '0000-00-00 00:00:00'),
(271, 1, 4441, 4, 35.00000000, '2014-11-26', '10:42:00', 1.00000000, 35.00000000, '', '', 21953, '2014-11-26', 4, 'N', 'ARIEL', '0000-00-00', 0.00000000, 0.00000000, 1395.00000000, '0000-00-00 00:00:00', '0000-00-00 00:00:00'),
(272, 1, 4442, 5, 1200.00000000, '2014-11-26', '10:42:00', 1.00000000, 1200.00000000, '', '', 21953, '2014-11-26', 4, 'N', 'ARIEL', '0000-00-00', 0.00000000, 0.00000000, 1395.00000000, '0000-00-00 00:00:00', '0000-00-00 00:00:00'),
(273, 1, 4443, 6, 120.00000000, '2014-11-26', '10:42:00', 1.00000000, 120.00000000, '', '', 21953, '2014-11-26', 4, 'N', 'ARIEL', '0000-00-00', 0.00000000, 0.00000000, 1395.00000000, '0000-00-00 00:00:00', '0000-00-00 00:00:00'),
(274, 1, 4444, 7, 30.00000000, '2014-11-26', '10:42:00', 1.00000000, 30.00000000, '', '', 21953, '2014-11-26', 4, 'N', 'ARIEL', '0000-00-00', 0.00000000, 0.00000000, 1395.00000000, '0000-00-00 00:00:00', '0000-00-00 00:00:00'),
(275, 1, 4445, 3, 10.00000000, '2014-11-26', '10:44:00', 1.00000000, 10.00000000, 'TADEU', 'BJP-3265', 21954, '2014-11-26', 4, 'N', 'ARIEL', '0000-00-00', 0.00000000, 0.00000000, 10.00000000, '0000-00-00 00:00:00', '0000-00-00 00:00:00'),
(276, 1, 4446, 6, 120.00000000, '2014-11-26', '10:48:00', 1.00000000, 120.00000000, '', '', 21956, '2014-11-26', 4, 'N', '', '0000-00-00', 0.00000000, 0.00000000, 120.00000000, '0000-00-00 00:00:00', '0000-00-00 00:00:00'),
(277, 1, 4447, 7, 30.00000000, '2014-11-26', '10:48:00', 1.00000000, 30.00000000, '', '', 21956, '2014-11-26', 4, 'C', '', '2014-11-26', 0.00000000, 0.00000000, 120.00000000, '0000-00-00 00:00:00', '0000-00-00 00:00:00'),
(278, 1, 4448, 6, 120.00000000, '2014-11-26', '10:48:00', 1.00000000, 120.00000000, '', '', 21957, '2014-11-26', 4, 'C', '', '2014-11-26', 0.00000000, 0.00000000, 120.00000000, '0000-00-00 00:00:00', '0000-00-00 00:00:00'),
(279, 1, 4449, 3, 10.00000000, '2014-11-26', '10:49:00', 1.00000000, 10.00000000, '', '', 21959, '2014-11-26', 4, 'C', '', '2014-11-26', 0.00000000, 0.00000000, 10.00000000, '0000-00-00 00:00:00', '0000-00-00 00:00:00'),
(280, 1, 4452, 3, 10.00000000, '2014-11-26', '11:54:00', 1.00000000, 10.00000000, '', '', 21971, '2014-11-27', 4, 'N', '', '0000-00-00', 0.00000000, 1.00000000, 11.00000000, '0000-00-00 00:00:00', '0000-00-00 00:00:00'),
(281, 1, 4453, 4, 35.00000000, '2014-11-26', '11:54:00', 1.00000000, 35.00000000, '', '', 21972, '2014-11-27', 4, 'N', '', '0000-00-00', 0.50000000, 0.00000000, 34.50000000, '0000-00-00 00:00:00', '0000-00-00 00:00:00'),
(282, 1, 4454, 7, 30.00000000, '2014-11-26', '11:54:00', 1.00000000, 30.00000000, '', '', 21973, '2014-11-27', 4, 'C', '', '2014-11-26', 0.00000000, 0.00000000, 30.00000000, '0000-00-00 00:00:00', '0000-00-00 00:00:00'),
(283, 1, 4455, 7, 30.00000000, '2014-11-26', '11:55:00', 1.00000000, 30.00000000, 'EU', 'BJP-3535', 21975, '2014-11-27', 4, 'N', 'ARIEL', '0000-00-00', 0.00000000, 0.00000000, 1395.00000000, '0000-00-00 00:00:00', '0000-00-00 00:00:00'),
(284, 1, 4456, 6, 120.00000000, '2014-11-26', '11:55:00', 1.00000000, 120.00000000, 'EU', 'BJP-3535', 21975, '2014-11-27', 4, 'N', 'ARIEL', '0000-00-00', 0.00000000, 0.00000000, 1395.00000000, '0000-00-00 00:00:00', '0000-00-00 00:00:00'),
(285, 1, 4457, 5, 1200.00000000, '2014-11-26', '11:55:00', 1.00000000, 1200.00000000, 'EU', 'BJP-3535', 21975, '2014-11-27', 4, 'N', 'ARIEL', '0000-00-00', 0.00000000, 0.00000000, 1395.00000000, '0000-00-00 00:00:00', '0000-00-00 00:00:00'),
(286, 1, 4458, 4, 35.00000000, '2014-11-26', '11:55:00', 1.00000000, 35.00000000, 'EU', 'BJP-3535', 21975, '2014-11-27', 4, 'N', 'ARIEL', '0000-00-00', 0.00000000, 0.00000000, 1395.00000000, '0000-00-00 00:00:00', '0000-00-00 00:00:00'),
(287, 1, 4459, 3, 10.00000000, '2014-11-26', '11:55:00', 1.00000000, 10.00000000, 'EU', 'BJP-3535', 21975, '2014-11-27', 4, 'N', 'ARIEL', '0000-00-00', 0.00000000, 0.00000000, 1395.00000000, '0000-00-00 00:00:00', '0000-00-00 00:00:00'),
(288, 1, 4460, 6, 120.00000000, '2014-11-26', '11:56:00', 1.00000000, 120.00000000, '', '', 21976, '2014-11-27', 4, 'C', '', '2014-11-26', 0.00000000, 0.00000000, 30.00000000, '0000-00-00 00:00:00', '0000-00-00 00:00:00'),
(289, 1, 4461, 7, 30.00000000, '2014-11-26', '11:56:00', 1.00000000, 30.00000000, '', '', 21976, '2014-11-27', 4, 'N', '', '0000-00-00', 0.00000000, 0.00000000, 30.00000000, '0000-00-00 00:00:00', '0000-00-00 00:00:00'),
(290, 1, 4462, 7, 30.00000000, '2014-11-26', '23:54:00', 1.00000000, 30.00000000, '', '', 21985, '2014-11-28', 4, 'N', '', '0000-00-00', 0.00000000, 0.00000000, 30.00000000, '0000-00-00 00:00:00', '0000-00-00 00:00:00'),
(291, 1, 4463, 3, 10.00000000, '2014-11-26', '01:25:00', 1.00000000, 10.00000000, '', '', 21987, '2014-11-29', 4, 'N', 'ARIEL', '0000-00-00', 0.00000000, 0.00000000, 10.00000000, '0000-00-00 00:00:00', '0000-00-00 00:00:00'),
(292, 1, 4464, 5, 1200.00000000, '2014-11-26', '01:27:00', 1.00000000, 1200.00000000, '', '', 21988, '2014-11-29', 4, 'N', 'ARIEL', '0000-00-00', 0.00000000, 0.00000000, 1200.00000000, '0000-00-00 00:00:00', '0000-00-00 00:00:00'),
(293, 1, 4466, 3, 10.00000000, '2014-11-26', '02:52:00', 1.00000000, 10.00000000, '', '', 21996, '2014-11-29', 4, 'N', '', '0000-00-00', 0.00000000, 0.00000000, 10.00000000, '0000-00-00 00:00:00', '0000-00-00 00:00:00'),
(294, 1, 4467, 3, 10.00000000, '2014-11-26', '02:55:00', 1.00000000, 10.00000000, '', '', 21997, '2014-11-29', 4, 'N', '', '0000-00-00', 0.00000000, 0.00000000, 10.00000000, '0000-00-00 00:00:00', '0000-00-00 00:00:00'),
(295, 1, 4468, 3, 10.00000000, '2014-11-30', '15:23:00', 1.00000000, 10.00000000, '', '', 22004, '2014-11-30', 4, 'N', '', '0000-00-00', 0.00000000, 0.00000000, 10.00000000, '0000-00-00 00:00:00', '0000-00-00 00:00:00'),
(296, 1, 4469, 3, 10.00000000, '2014-11-30', '15:26:00', 1.00000000, 10.00000000, '', '', 22005, '2014-11-30', 4, 'N', '', '0000-00-00', 0.00000000, 0.00000000, 10.00000000, '0000-00-00 00:00:00', '0000-00-00 00:00:00'),
(297, 1, 4470, 4, 35.00000000, '2014-11-30', '15:29:00', 1.00000000, 35.00000000, '', '', 22006, '2014-11-30', 4, 'N', '', '0000-00-00', 0.00000000, 0.00000000, 35.00000000, '0000-00-00 00:00:00', '0000-00-00 00:00:00'),
(298, 1, 4471, 4, 35.00000000, '2014-11-30', '15:32:00', 1.00000000, 35.00000000, '', '', 22007, '2014-11-30', 4, 'N', '', '0000-00-00', 0.00000000, 0.00000000, 35.00000000, '0000-00-00 00:00:00', '0000-00-00 00:00:00'),
(299, 1, 4472, 7, 30.00000000, '2014-11-30', '15:52:00', 1.00000000, 30.00000000, '', '', 22008, '2014-11-30', 4, 'N', '', '0000-00-00', 0.00000000, 0.00000000, 30.00000000, '0000-00-00 00:00:00', '0000-00-00 00:00:00'),
(300, 1, 4490, 10, 16.93000000, '2014-12-01', '17:24:00', 15.08000000, 1.12300000, '', '', 22048, '2014-12-01', 4, 'N', '', '0000-00-00', 0.00000000, 0.00000000, 16.93000000, '0000-00-00 00:00:00', '0000-00-00 00:00:00'),
(301, 1, 4507, 3, 10.00000000, '2014-12-02', '10:09:00', 1.00000000, 10.00000000, '', '', 22088, '2014-12-02', 4, 'N', '', '0000-00-00', 0.00000000, 0.00000000, 10.00000000, '0000-00-00 00:00:00', '0000-00-00 00:00:00'),
(302, 1, 4508, 3, 10.00000000, '2014-12-02', '10:11:00', 1.00000000, 10.00000000, '', '', 22089, '2014-12-02', 4, 'N', '', '0000-00-00', 0.00000000, 0.00000000, 10.00000000, '0000-00-00 00:00:00', '0000-00-00 00:00:00'),
(303, 1, 4509, 3, 10.00000000, '2014-12-02', '10:15:00', 1.00000000, 10.00000000, '', '', 22090, '2014-12-02', 4, 'N', '', '0000-00-00', 0.00000000, 0.00000000, 10.00000000, '0000-00-00 00:00:00', '0000-00-00 00:00:00'),
(304, 1, 4510, 4, 35.00000000, '2014-12-02', '10:15:00', 1.00000000, 35.00000000, '', '', 22091, '2014-12-02', 4, 'C', '', '2014-12-02', 0.00000000, 0.00000000, 35.00000000, '0000-00-00 00:00:00', '0000-00-00 00:00:00'),
(305, 1, 4511, 3, 10.00000000, '2014-12-02', '10:24:00', 1.00000000, 10.00000000, '', '', 22093, '2014-12-02', 4, 'N', '', '0000-00-00', 0.00000000, 0.00000000, 10.00000000, '0000-00-00 00:00:00', '0000-00-00 00:00:00'),
(306, 1, 4512, 3, 10.00000000, '2014-12-02', '10:27:00', 1.00000000, 10.00000000, '', '', 22094, '2014-12-02', 4, 'C', '', '2014-12-02', 0.00000000, 0.00000000, 10.00000000, '0000-00-00 00:00:00', '0000-00-00 00:00:00'),
(307, 1, 4513, 3, 10.00000000, '2014-12-02', '10:35:00', 1.00000000, 10.00000000, '', '', 22097, '2014-12-02', 4, 'N', '', '0000-00-00', 0.00000000, 0.00000000, 10.00000000, '0000-00-00 00:00:00', '0000-00-00 00:00:00'),
(308, 1, 4514, 3, 10.00000000, '2014-12-02', '13:32:00', 1.00000000, 10.00000000, '', '', 1, '2014-12-02', 4, 'N', 'PREF. MUN. SECRETARI', '0000-00-00', 0.00000000, 0.00000000, 10.00000000, '0000-00-00 00:00:00', '0000-00-00 00:00:00'),
(309, 1, 4516, 3, 10.00000000, '2014-12-02', '15:33:00', 1.00000000, 10.00000000, '', '', 22099, '2014-12-02', 4, 'N', '', '0000-00-00', 0.00000000, 0.00000000, 10.00000000, '0000-00-00 00:00:00', '0000-00-00 00:00:00'),
(310, 1, 4517, 3, 10.00000000, '2014-12-02', '23:55:00', 1.00000000, 10.00000000, '', '', 22105, '2014-12-02', 4, 'N', '', '0000-00-00', 0.00000000, 0.00000000, 10.00000000, '0000-00-00 00:00:00', '0000-00-00 00:00:00'),
(311, 1, 4518, 6, 120.00000000, '2014-12-03', '00:02:00', 1.00000000, 120.00000000, '', '', 22109, '2014-12-03', 4, 'N', '', '0000-00-00', 0.00000000, 0.00000000, 120.00000000, '0000-00-00 00:00:00', '0000-00-00 00:00:00'),
(312, 1, 4519, 3, 10.00000000, '2014-12-03', '00:05:00', 1.00000000, 10.00000000, '', '', 22115, '2014-12-03', 4, 'N', '', '0000-00-00', 0.00000000, 0.00000000, 10.00000000, '0000-00-00 00:00:00', '0000-00-00 00:00:00'),
(313, 1, 4520, 6, 120.00000000, '2014-12-03', '00:58:00', 1.00000000, 120.00000000, '', '', 22118, '2014-12-03', 4, 'N', '', '0000-00-00', 0.00000000, 0.00000000, 120.00000000, '0000-00-00 00:00:00', '0000-00-00 00:00:00'),
(314, 1, 4521, 4, 35.00000000, '2014-12-03', '00:58:00', 1.00000000, 35.00000000, '', '', 22119, '2014-12-03', 4, 'N', '', '0000-00-00', 0.00000000, 0.00000000, 35.00000000, '0000-00-00 00:00:00', '0000-00-00 00:00:00'),
(315, 1, 4522, 5, 1200.00000000, '2014-12-03', '23:55:00', 1.00000000, 1200.00000000, '', '', 22126, '2014-12-03', 4, 'N', '', '0000-00-00', 0.00000000, 0.00000000, 1200.00000000, '0000-00-00 00:00:00', '0000-00-00 00:00:00'),
(316, 1, 4523, 4, 35.00000000, '2014-12-04', '00:00:00', 1.00000000, 35.00000000, '', '', 22127, '2014-12-04', 4, 'N', '', '0000-00-00', 0.00000000, 0.00000000, 35.00000000, '0000-00-00 00:00:00', '0000-00-00 00:00:00'),
(317, 1, 4524, 7, 30.00000000, '2014-12-04', '00:01:00', 1.00000000, 30.00000000, '', '', 22128, '2014-12-04', 4, 'N', '', '0000-00-00', 0.00000000, 0.00000000, 30.00000000, '0000-00-00 00:00:00', '0000-00-00 00:00:00'),
(318, 1, 4525, 3, 10.00000000, '2014-12-04', '00:05:00', 1.00000000, 10.00000000, '', '', 22134, '2014-12-04', 4, 'N', '', '0000-00-00', 0.00000000, 0.00000000, 10.00000000, '0000-00-00 00:00:00', '0000-00-00 00:00:00'),
(319, 1, 4526, 3, 10.00000000, '2014-11-27', '00:15:00', 1.00000000, 10.00000000, '', '', 22135, '2014-12-04', 4, 'N', '', '0000-00-00', 0.00000000, 0.00000000, 10.00000000, '0000-00-00 00:00:00', '0000-00-00 00:00:00'),
(320, 1, 4533, 7, 30.00000000, '2014-12-01', '12:08:00', 1.00000000, 30.00000000, '', '', 4599, '2014-12-01', 4, 'N', '', '0000-00-00', 0.00000000, 0.00000000, 41.67000000, '0000-00-00 00:00:00', '0000-00-00 00:00:00'),
(321, 1, 4544, 10, 15.91000000, '2014-12-02', '09:35:00', 14.17200000, 1.12300000, '', '', 4619, '2014-12-02', 4, 'N', '', '0000-00-00', 0.00000000, 0.00000000, 15.91000000, '0000-00-00 00:00:00', '0000-00-00 00:00:00'),
(322, 1, 4615, 1, 50.00000000, '2015-01-15', '11:54:00', 44.52400000, 1.19900000, '', '', 22158, '2015-01-15', 4, 'N', 'APARICIO CASTELLI', '0000-00-00', 0.00000000, 0.00000000, 50.00000000, '0000-00-00 00:00:00', '0000-00-00 00:00:00'),
(323, 1, 4616, 1, 53.38000000, '2015-01-15', '11:57:00', 44.52400000, 1.19900000, '', '', 22159, '2015-01-15', 4, 'N', 'APARICIO CASTELLI', '0000-00-00', 0.00000000, 0.00000000, 53.38000000, '0000-00-00 00:00:00', '0000-00-00 00:00:00'),
(324, 1, 4619, 3, 10.00000000, '2015-01-15', '12:00:00', 1.00000000, 10.00000000, '', '', 22162, '2015-01-15', 4, 'N', 'ANTONIO OSVALDO MAZE', '0000-00-00', 0.00000000, 0.00000000, 10.00000000, '0000-00-00 00:00:00', '0000-00-00 00:00:00'),
(325, 1, 4620, 3, 9.00000000, '2015-01-15', '12:04:00', 1.00000000, 9.00000000, '', '', 22163, '2015-01-15', 4, 'N', 'ANTONIO OSVALDO MAZE', '0000-00-00', 0.00000000, 0.00000000, 9.00000000, '0000-00-00 00:00:00', '0000-00-00 00:00:00'),
(326, 1, 4624, 3, 9.00000000, '2015-01-15', '15:47:00', 1.00000000, 9.00000000, '', '', 22167, '2015-01-15', 4, 'N', 'ANTONIO OSVALDO MAZE', '0000-00-00', 0.00000000, 0.00000000, 9.00000000, '0000-00-00 00:00:00', '0000-00-00 00:00:00'),
(327, 1, 4625, 3, 9.00000000, '2015-01-15', '15:49:00', 1.00000000, 9.00000000, '', '', 22168, '2015-01-15', 4, 'N', 'ANTONIO OSVALDO MAZE', '0000-00-00', 1.00000000, 0.00000000, 8.00000000, '0000-00-00 00:00:00', '0000-00-00 00:00:00'),
(328, 1, 4626, 3, 10.00000000, '2015-01-15', '16:29:00', 1.00000000, 10.00000000, '', '', 22169, '2015-01-15', 4, 'N', 'ANTONIO OSVALDO MAZE', '0000-00-00', 1.00000000, 0.00000000, 9.00000000, '0000-00-00 00:00:00', '0000-00-00 00:00:00'),
(329, 1, 4627, 3, 9.00000000, '2015-01-15', '16:30:00', 1.00000000, 9.00000000, '', '', 22170, '2015-01-15', 4, 'N', 'ANTONIO OSVALDO MAZE', '0000-00-00', 0.00000000, 0.00000000, 9.00000000, '0000-00-00 00:00:00', '0000-00-00 00:00:00'),
(330, 1, 4690, 3, 10.00000000, '2015-03-20', '10:50:00', 1.00000000, 10.00000000, '', '', 22199, '2015-03-20', 4, 'N', '', '0000-00-00', 0.00000000, 0.00000000, 10.00000000, '0000-00-00 00:00:00', '0000-00-00 00:00:00'),
(331, 1, 4691, 3, 10.00000000, '2015-03-24', '17:48:00', 1.00000000, 10.00000000, '', '', 22201, '2015-03-24', 4, 'N', '', '0000-00-00', 0.00000000, 0.00000000, 10.00000000, '0000-00-00 00:00:00', '0000-00-00 00:00:00'),
(332, 1, 4692, 4, 35.00000000, '2015-03-24', '18:10:00', 1.00000000, 35.00000000, '', '', 22202, '2015-03-24', 4, 'N', '', '0000-00-00', 0.00000000, 0.00000000, 1395.00000000, '0000-00-00 00:00:00', '0000-00-00 00:00:00'),
(333, 1, 4693, 3, 10.00000000, '2015-03-24', '18:10:00', 1.00000000, 10.00000000, '', '', 22202, '2015-03-24', 4, 'N', '', '0000-00-00', 0.00000000, 0.00000000, 1395.00000000, '0000-00-00 00:00:00', '0000-00-00 00:00:00'),
(334, 1, 4694, 5, 1200.00000000, '2015-03-24', '18:10:00', 1.00000000, 1200.00000000, '', '', 22202, '2015-03-24', 4, 'N', '', '0000-00-00', 0.00000000, 0.00000000, 1395.00000000, '0000-00-00 00:00:00', '0000-00-00 00:00:00'),
(335, 1, 4695, 6, 120.00000000, '2015-03-24', '18:10:00', 1.00000000, 120.00000000, '', '', 22202, '2015-03-24', 4, 'N', '', '0000-00-00', 0.00000000, 0.00000000, 1395.00000000, '0000-00-00 00:00:00', '0000-00-00 00:00:00'),
(336, 1, 4696, 7, 30.00000000, '2015-03-24', '18:10:00', 1.00000000, 30.00000000, '', '', 22202, '2015-03-24', 4, 'N', '', '0000-00-00', 0.00000000, 0.00000000, 1395.00000000, '0000-00-00 00:00:00', '0000-00-00 00:00:00'),
(337, 1, 4697, 3, 10.00000000, '2015-03-25', '12:44:00', 1.00000000, 10.00000000, '', '', 22222, '2015-03-25', 4, 'N', '', '0000-00-00', 0.00000000, 0.00000000, 10.00000000, '0000-00-00 00:00:00', '0000-00-00 00:00:00'),
(338, 1, 4717, 3, 17.50000000, '2015-04-06', '17:04:00', 1.75000000, 10.00000000, '', '', 22390, '2015-04-06', 4, 'N', '', '0000-00-00', 0.00000000, 0.00000000, 20.00000000, '0000-00-00 00:00:00', '0000-00-00 00:00:00'),
(339, 1, 4718, 3, 2.50000000, '2015-04-06', '17:04:00', 0.25000000, 10.00000000, '', '', 22390, '2015-04-06', 4, 'N', '', '0000-00-00', 0.00000000, 0.00000000, 20.00000000, '0000-00-00 00:00:00', '0000-00-00 00:00:00'),
(340, 1, 4719, 3, 10.00000000, '2015-04-09', '18:01:00', 1.00000000, 10.00000000, '', '', 22398, '2015-04-09', 4, 'N', '', '0000-00-00', 0.00000000, 0.00000000, 10.00000000, '0000-00-00 00:00:00', '0000-00-00 00:00:00'),
(341, 1, 4720, 3, 10.00000000, '2015-04-09', '16:40:00', 1.00000000, 10.00000000, '', '', 4630, '2015-04-09', 4, 'N', '', '0000-00-00', 0.00000000, 0.00000000, 10.00000000, '0000-00-00 00:00:00', '0000-00-00 00:00:00'),
(342, 1, 4721, 3, 10.00000000, '2015-04-09', '18:56:00', 1.00000000, 10.00000000, '', '', 22407, '2015-04-09', 4, 'N', '', '0000-00-00', 0.00000000, 0.00000000, 10.00000000, '0000-00-00 00:00:00', '0000-00-00 00:00:00'),
(343, 1, 4722, 5, 1200.00000000, '2015-04-10', '07:30:00', 1.00000000, 1200.00000000, '', '', 4634, '2015-04-10', 4, 'N', '', '0000-00-00', 0.00000000, 0.00000000, 1200.00000000, '0000-00-00 00:00:00', '0000-00-00 00:00:00'),
(344, 1, 4723, 7, 30.00000000, '2015-04-10', '16:57:00', 1.00000000, 30.00000000, '', '', 22417, '2015-04-10', 4, 'N', '', '0000-00-00', 0.00000000, 0.00000000, 30.00000000, '0000-00-00 00:00:00', '0000-00-00 00:00:00'),
(345, 1, 4724, 3, 10.00000000, '2015-04-10', '18:06:00', 1.00000000, 10.00000000, '', '', 22427, '2015-04-10', 4, 'N', '', '0000-00-00', 0.00000000, 0.00000000, 10.00000000, '0000-00-00 00:00:00', '0000-00-00 00:00:00'),
(346, 1, 4725, 5, 1200.00000000, '2015-04-10', '18:58:00', 1.00000000, 1200.00000000, '', '', 22428, '2015-04-10', 4, 'N', '', '0000-00-00', 0.00000000, 0.00000000, 1395.00000000, '0000-00-00 00:00:00', '0000-00-00 00:00:00'),
(347, 1, 4726, 3, 10.00000000, '2015-04-10', '18:58:00', 1.00000000, 10.00000000, '', '', 22428, '2015-04-10', 4, 'N', '', '0000-00-00', 0.00000000, 0.00000000, 1395.00000000, '0000-00-00 00:00:00', '0000-00-00 00:00:00'),
(348, 1, 4727, 4, 35.00000000, '2015-04-10', '18:58:00', 1.00000000, 35.00000000, '', '', 22428, '2015-04-10', 4, 'N', '', '0000-00-00', 0.00000000, 0.00000000, 1395.00000000, '0000-00-00 00:00:00', '0000-00-00 00:00:00'),
(349, 1, 4728, 6, 120.00000000, '2015-04-10', '18:58:00', 1.00000000, 120.00000000, '', '', 22428, '2015-04-10', 4, 'N', '', '0000-00-00', 0.00000000, 0.00000000, 1395.00000000, '0000-00-00 00:00:00', '0000-00-00 00:00:00'),
(350, 1, 4729, 7, 30.00000000, '2015-04-10', '18:58:00', 1.00000000, 30.00000000, '', '', 22428, '2015-04-10', 4, 'N', '', '0000-00-00', 0.00000000, 0.00000000, 1395.00000000, '0000-00-00 00:00:00', '0000-00-00 00:00:00'),
(351, 1, 4730, 5, 1200.00000000, '2015-06-16', '10:57:00', 1.00000000, 1200.00000000, '', '', 4639, '2015-06-16', 4, 'N', '', '0000-00-00', 0.00000000, 0.00000000, 1200.00000000, '0000-00-00 00:00:00', '0000-00-00 00:00:00'),
(352, 1, 4731, 5, 1200.00000000, '2015-06-16', '13:37:00', 1.00000000, 1200.00000000, '', '', 22455, '2015-06-16', 4, 'N', '', '0000-00-00', 0.00000000, 0.00000000, 1200.00000000, '0000-00-00 00:00:00', '0000-00-00 00:00:00'),
(353, 1, 4732, 3, 10.00000000, '2015-06-17', '10:16:00', 1.00000000, 10.00000000, '', '', 4647, '2015-06-17', 4, 'C', '', '2015-06-17', 0.00000000, 0.00000000, 10.00000000, '0000-00-00 00:00:00', '0000-00-00 00:00:00'),
(354, 1, 4733, 3, 10.00000000, '2015-06-17', '10:17:00', 1.00000000, 10.00000000, '', '', 4648, '2015-06-17', 4, 'N', '', '0000-00-00', 0.00000000, 0.00000000, 10.00000000, '0000-00-00 00:00:00', '0000-00-00 00:00:00'),
(355, 1, 4734, 3, 10.00000000, '2015-06-17', '10:39:00', 1.00000000, 10.00000000, '', '', 4652, '2015-06-17', 4, 'N', '', '0000-00-00', 0.00000000, 0.00000000, 10.00000000, '0000-00-00 00:00:00', '0000-00-00 00:00:00'),
(356, 1, 4735, 3, 10.00000000, '2015-06-17', '10:40:00', 1.00000000, 10.00000000, '', '', 4653, '2015-06-17', 4, 'N', '', '0000-00-00', 0.00000000, 0.00000000, 10.00000000, '0000-00-00 00:00:00', '0000-00-00 00:00:00'),
(357, 1, 4736, 3, 10.00000000, '2015-06-17', '10:44:00', 1.00000000, 10.00000000, '', '', 4656, '2015-06-17', 4, 'N', '', '0000-00-00', 0.00000000, 0.00000000, 10.00000000, '0000-00-00 00:00:00', '0000-00-00 00:00:00'),
(358, 1, 4737, 6, 120.00000000, '2015-06-18', '09:42:00', 1.00000000, 120.00000000, '', '', 4677, '2015-06-18', 4, 'C', '', '2015-06-18', 0.00000000, 0.00000000, 120.00000000, '0000-00-00 00:00:00', '0000-00-00 00:00:00'),
(359, 1, 4738, 3, 10.00000000, '2015-06-18', '09:45:00', 1.00000000, 10.00000000, '', '', 4678, '2015-06-18', 4, 'C', '', '2015-06-18', 0.00000000, 0.00000000, 10.00000000, '0000-00-00 00:00:00', '0000-00-00 00:00:00'),
(360, 1, 4739, 3, 10.00000000, '2015-06-18', '09:51:00', 1.00000000, 10.00000000, '', '', 4679, '2015-06-18', 4, 'N', '', '0000-00-00', 0.00000000, 0.00000000, 10.00000000, '0000-00-00 00:00:00', '0000-00-00 00:00:00'),
(361, 1, 4740, 3, 10.00000000, '2015-06-18', '10:07:00', 1.00000000, 10.00000000, '', '', 4680, '2015-06-18', 4, 'C', '', '2015-06-18', 0.00000000, 0.00000000, 10.00000000, '0000-00-00 00:00:00', '0000-00-00 00:00:00'),
(362, 1, 4741, 3, 10.00000000, '2015-06-18', '11:29:00', 1.00000000, 10.00000000, '', '', 4689, '2015-06-18', 4, 'N', '', '0000-00-00', 0.00000000, 0.00000000, 10.00000000, '0000-00-00 00:00:00', '0000-00-00 00:00:00'),
(363, 1, 4742, 3, 10.00000000, '2015-06-18', '11:48:00', 1.00000000, 10.00000000, '', '', 4696, '2015-06-18', 4, 'N', '', '0000-00-00', 0.00000000, 0.00000000, 10.00000000, '0000-00-00 00:00:00', '0000-00-00 00:00:00'),
(364, 1, 4743, 3, 10.00000000, '2015-06-18', '11:50:00', 1.00000000, 10.00000000, '', '', 4697, '2015-06-18', 4, 'C', '', '2015-06-18', 0.00000000, 0.00000000, 10.00000000, '0000-00-00 00:00:00', '0000-00-00 00:00:00'),
(365, 1, 4744, 3, 10.00000000, '2015-06-18', '11:53:00', 1.00000000, 10.00000000, '', '', 4698, '2015-06-18', 4, 'C', '', '2015-06-18', 0.00000000, 0.00000000, 10.00000000, '0000-00-00 00:00:00', '0000-00-00 00:00:00'),
(366, 1, 4750, 7, 30.00000000, '2015-06-19', '10:28:00', 1.00000000, 30.00000000, '', 'BJP-1010', 4708, '2015-06-19', 4, 'C', 'ACACIO A CHIQUETTI E', '2015-06-19', 0.00000000, 0.00000000, 201.27000000, '0000-00-00 00:00:00', '0000-00-00 00:00:00'),
(367, 1, 4751, 6, 120.00000000, '2015-06-19', '10:28:00', 1.00000000, 120.00000000, '', 'BJP-1010', 4708, '2015-06-19', 4, 'C', 'ACACIO A CHIQUETTI E', '2015-06-19', 0.00000000, 0.00000000, 201.27000000, '0000-00-00 00:00:00', '0000-00-00 00:00:00'),
(368, 1, 4752, 3, 10.00000000, '2015-06-19', '10:28:00', 1.00000000, 10.00000000, '', 'BJP-1010', 4708, '2015-06-19', 4, 'C', 'ACACIO A CHIQUETTI E', '2015-06-19', 0.00000000, 0.00000000, 201.27000000, '0000-00-00 00:00:00', '0000-00-00 00:00:00'),
(369, 1, 4753, 4, 35.00000000, '2015-06-19', '10:28:00', 1.00000000, 35.00000000, '', 'BJP-1010', 4708, '2015-06-19', 4, 'C', 'ACACIO A CHIQUETTI E', '2015-06-19', 0.00000000, 0.00000000, 201.27000000, '0000-00-00 00:00:00', '0000-00-00 00:00:00'),
(370, 1, 4763, 20, 120.00000000, '2015-06-25', '11:34:00', 1.00000000, 120.00000000, '', '', 4727, '2015-06-25', 4, 'N', '', '0000-00-00', 0.00000000, 0.00000000, 240.00000000, '0000-00-00 00:00:00', '0000-00-00 00:00:00'),
(371, 1, 4764, 6, 120.00000000, '2015-06-25', '11:34:00', 1.00000000, 120.00000000, '', '', 4727, '2015-06-25', 4, 'N', '', '0000-00-00', 0.00000000, 0.00000000, 240.00000000, '0000-00-00 00:00:00', '0000-00-00 00:00:00'),
(372, 1, 4770, 3, 10.00000000, '2015-07-20', '14:27:00', 1.00000000, 10.00000000, '', '', 4739, '2015-07-20', 4, 'C', '', '2015-07-20', 0.00000000, 0.00000000, 10.00000000, '0000-00-00 00:00:00', '0000-00-00 00:00:00'),
(373, 1, 4771, 4, 35.00000000, '2015-07-20', '14:28:00', 1.00000000, 35.00000000, '', '', 4741, '2015-07-20', 4, 'N', '', '0000-00-00', 0.00000000, 0.00000000, 35.00000000, '0000-00-00 00:00:00', '0000-00-00 00:00:00'),
(374, 1, 4772, 6, 120.00000000, '2015-07-20', '14:30:00', 1.00000000, 120.00000000, '', '', 4744, '2015-07-20', 4, 'N', 'PREF. MUN. SECRETARI', '0000-00-00', 0.00000000, 0.00000000, 120.00000000, '0000-00-00 00:00:00', '0000-00-00 00:00:00'),
(375, 1, 4773, 3, 10.00000000, '2015-07-20', '14:32:00', 1.00000000, 10.00000000, '', '', 4745, '2015-07-20', 4, 'N', 'PREF. MUN. SECRETARI', '0000-00-00', 0.00000000, 0.00000000, 10.00000000, '0000-00-00 00:00:00', '0000-00-00 00:00:00'),
(376, 1, 4774, 7, 30.00000000, '2015-07-20', '14:32:00', 1.00000000, 30.00000000, '', '', 4746, '2015-07-20', 4, 'N', 'PREF. MUN. SECRETARI', '0000-00-00', 0.00000000, 0.00000000, 30.00000000, '0000-00-00 00:00:00', '0000-00-00 00:00:00'),
(377, 1, 4775, 3, 10.00000000, '2015-07-20', '14:39:00', 1.00000000, 10.00000000, '', '', 4747, '2015-07-20', 4, 'N', 'PREF. MUN. SECRETARI', '0000-00-00', 0.00000000, 0.00000000, 20.00000000, '0000-00-00 00:00:00', '0000-00-00 00:00:00'),
(378, 1, 4776, 3, 10.00000000, '2015-07-20', '14:39:00', 1.00000000, 10.00000000, '', '', 4747, '2015-07-20', 4, 'N', 'PREF. MUN. SECRETARI', '0000-00-00', 0.00000000, 0.00000000, 20.00000000, '0000-00-00 00:00:00', '0000-00-00 00:00:00'),
(379, 1, 4777, 3, 10.00000000, '2015-07-20', '14:48:00', 1.00000000, 10.00000000, '', '', 4748, '2015-07-20', 4, 'N', '', '0000-00-00', 0.00000000, 0.00000000, 10.00000000, '0000-00-00 00:00:00', '0000-00-00 00:00:00'),
(380, 1, 4778, 5, 1200.00000000, '2015-07-31', '18:46:00', 1.00000000, 1200.00000000, '', '', 22462, '2015-07-31', 4, 'N', '', '0000-00-00', 0.00000000, 0.00000000, 1200.00000000, '0000-00-00 00:00:00', '0000-00-00 00:00:00'),
(381, 1, 4782, 4, 35.00000000, '2015-08-05', '17:54:00', 1.00000000, 35.00000000, '', '', 22472, '2015-08-05', 4, 'C', '', '2015-08-05', 0.00000000, 0.00000000, 184.20000000, '0000-00-00 00:00:00', '0000-00-00 00:00:00'),
(382, 1, 4783, 22, 82.50000000, '2015-08-05', '17:54:00', 1.00000000, 82.50000000, '', '', 22472, '2015-08-05', 4, 'C', '', '2015-08-05', 0.00000000, 0.00000000, 184.20000000, '0000-00-00 00:00:00', '0000-00-00 00:00:00'),
(383, 1, 4790, 3, 10.00000000, '2015-08-05', '18:04:00', 1.00000000, 10.00000000, '', '', 22475, '2015-08-05', 4, 'N', 'PREF. MUN. SECRETARI', '0000-00-00', 0.00000000, 0.00000000, 69.25000000, '0000-00-00 00:00:00', '0000-00-00 00:00:00'),
(384, 1, 4816, 3, 10.00000000, '2015-08-05', '18:20:00', 1.00000000, 10.00000000, '', '', 22481, '2015-08-05', 4, 'C', '', '2015-08-05', 0.00000000, 0.00000000, 188.49000000, '0000-00-00 00:00:00', '0000-00-00 00:00:00'),
(385, 1, 4817, 4, 35.00000000, '2015-08-05', '18:20:00', 1.00000000, 35.00000000, '', '', 22481, '2015-08-05', 4, 'C', '', '2015-08-05', 0.00000000, 0.00000000, 188.49000000, '0000-00-00 00:00:00', '0000-00-00 00:00:00'),
(386, 1, 4818, 22, 82.50000000, '2015-08-05', '18:20:00', 1.00000000, 82.50000000, '', '', 22481, '2015-08-05', 4, 'C', '', '2015-08-05', 0.00000000, 0.00000000, 188.49000000, '0000-00-00 00:00:00', '0000-00-00 00:00:00'),
(387, 1, 4827, 1, 50.00000000, '2015-10-19', '11:20:00', 44.52400000, 1.12300000, '', '', 22493, '2015-10-19', 4, 'C', '', '2015-10-19', 0.00000000, 0.00000000, 50.00000000, '0000-00-00 00:00:00', '0000-00-00 00:00:00'),
(388, 1, 4836, 6, 120.00000000, '2016-01-26', '15:41:00', 1.00000000, 120.00000000, '', '', 22552, '2016-01-26', 4, 'N', '', '0000-00-00', 0.00000000, 0.00000000, 120.00000000, '0000-00-00 00:00:00', '0000-00-00 00:00:00'),
(389, 1, 4837, 6, 120.00000000, '2016-01-26', '15:56:00', 1.00000000, 120.00000000, '', '', 22553, '2016-01-26', 4, 'N', '', '0000-00-00', 0.00000000, 0.00000000, 120.00000000, '0000-00-00 00:00:00', '0000-00-00 00:00:00'),
(390, 1, 4838, 21, 30.00000000, '2016-01-28', '17:47:00', 1.00000000, 30.00000000, '', '', 22555, '2016-01-28', 4, 'N', '', '0000-00-00', 0.00000000, 0.00000000, 30.00000000, '0000-00-00 00:00:00', '0000-00-00 00:00:00'),
(391, 1, 4839, 3, 10.00000000, '2016-01-28', '18:00:00', 1.00000000, 10.00000000, '', '', 22557, '2016-01-28', 4, 'N', '', '0000-00-00', 0.00000000, 0.00000000, 10.00000000, '0000-00-00 00:00:00', '0000-00-00 00:00:00'),
(392, 1, 4840, 21, 30.00000000, '2016-01-29', '15:38:00', 1.00000000, 30.00000000, '', '', 22559, '2016-01-29', 4, 'C', '', '2016-01-29', 0.00000000, 0.00000000, 60.00000000, '0000-00-00 00:00:00', '0000-00-00 00:00:00'),
(393, 1, 4841, 21, 30.00000000, '2016-01-29', '15:38:00', 1.00000000, 30.00000000, '', '', 22559, '2016-01-29', 4, 'C', '', '2016-01-29', 0.00000000, 0.00000000, 60.00000000, '0000-00-00 00:00:00', '0000-00-00 00:00:00'),
(394, 1, 4842, 3, 10.00000000, '2016-01-29', '15:41:00', 1.00000000, 10.00000000, '', '', 22560, '2016-01-29', 4, 'N', '', '0000-00-00', 0.00000000, 0.00000000, 45.00000000, '0000-00-00 00:00:00', '0000-00-00 00:00:00'),
(395, 1, 4843, 4, 35.00000000, '2016-01-29', '15:41:00', 1.00000000, 35.00000000, '', '', 22560, '2016-01-29', 4, 'N', '', '0000-00-00', 0.00000000, 0.00000000, 45.00000000, '0000-00-00 00:00:00', '0000-00-00 00:00:00'),
(396, 1, 4844, 4, 35.00000000, '2016-01-29', '15:46:00', 1.00000000, 35.00000000, '', '', 22562, '2016-01-29', 4, 'N', '', '0000-00-00', 0.00000000, 0.00000000, 35.00000000, '0000-00-00 00:00:00', '0000-00-00 00:00:00'),
(397, 1, 4845, 21, 30.00000000, '2016-01-29', '15:47:00', 1.00000000, 30.00000000, '', '', 22563, '2016-01-29', 4, 'N', '', '0000-00-00', 0.00000000, 0.00000000, 30.00000000, '0000-00-00 00:00:00', '0000-00-00 00:00:00'),
(398, 1, 4846, 7, 30.00000000, '2016-01-29', '16:52:00', 1.00000000, 30.00000000, '', '', 22564, '2016-01-29', 4, 'N', '', '0000-00-00', 0.00000000, 0.00000000, 150.00000000, '0000-00-00 00:00:00', '0000-00-00 00:00:00'),
(399, 1, 4847, 6, 120.00000000, '2016-01-29', '16:52:00', 1.00000000, 120.00000000, '', '', 22564, '2016-01-29', 4, 'N', '', '0000-00-00', 0.00000000, 0.00000000, 150.00000000, '0000-00-00 00:00:00', '0000-00-00 00:00:00'),
(400, 1, 4848, 3, 10.00000000, '2016-01-29', '17:03:00', 1.00000000, 10.00000000, '', '', 22566, '2016-01-29', 4, 'N', 'APARICIO CASTELLI', '0000-00-00', 0.00000000, 0.00000000, 130.00000000, '0000-00-00 00:00:00', '0000-00-00 00:00:00'),
(401, 1, 4849, 6, 120.00000000, '2016-01-29', '17:03:00', 1.00000000, 120.00000000, '', '', 22566, '2016-01-29', 4, 'N', 'APARICIO CASTELLI', '0000-00-00', 0.00000000, 0.00000000, 130.00000000, '0000-00-00 00:00:00', '0000-00-00 00:00:00'),
(402, 1, 4850, 3, 10.00000000, '2016-01-29', '17:04:00', 1.00000000, 10.00000000, '', '', 22567, '2016-01-29', 4, 'N', '', '0000-00-00', 0.00000000, 0.00000000, 130.00000000, '0000-00-00 00:00:00', '0000-00-00 00:00:00'),
(403, 1, 4851, 6, 120.00000000, '2016-01-29', '17:04:00', 1.00000000, 120.00000000, '', '', 22567, '2016-01-29', 4, 'N', '', '0000-00-00', 0.00000000, 0.00000000, 130.00000000, '0000-00-00 00:00:00', '0000-00-00 00:00:00'),
(404, 1, 4852, 3, 10.00000000, '2016-01-29', '17:07:00', 1.00000000, 10.00000000, '', '', 22569, '2016-01-29', 4, 'C', '', '2016-01-29', 0.00000000, 0.00000000, 130.00000000, '0000-00-00 00:00:00', '0000-00-00 00:00:00'),
(405, 1, 4853, 6, 120.00000000, '2016-01-29', '17:07:00', 1.00000000, 120.00000000, '', '', 22569, '2016-01-29', 4, 'C', '', '2016-01-29', 0.00000000, 0.00000000, 130.00000000, '0000-00-00 00:00:00', '0000-00-00 00:00:00'),
(406, 1, 4854, 4, 35.00000000, '2016-01-29', '17:10:00', 1.00000000, 35.00000000, '', '', 22570, '2016-01-29', 4, 'C', 'APARICIO CASTELLI', '2016-01-29', 0.00000000, 0.00000000, 155.00000000, '0000-00-00 00:00:00', '0000-00-00 00:00:00'),
(407, 1, 4855, 6, 120.00000000, '2016-01-29', '17:10:00', 1.00000000, 120.00000000, '', '', 22570, '2016-01-29', 4, 'C', 'APARICIO CASTELLI', '2016-01-29', 0.00000000, 0.00000000, 155.00000000, '0000-00-00 00:00:00', '0000-00-00 00:00:00'),
(408, 1, 4856, 3, 10.00000000, '2016-01-29', '17:23:00', 1.00000000, 10.00000000, '', '', 22571, '2016-01-29', 4, 'N', '', '0000-00-00', 0.00000000, 0.00000000, 130.00000000, '0000-00-00 00:00:00', '0000-00-00 00:00:00'),
(409, 1, 4857, 6, 120.00000000, '2016-01-29', '17:23:00', 1.00000000, 120.00000000, '', '', 22571, '2016-01-29', 4, 'N', '', '0000-00-00', 0.00000000, 0.00000000, 130.00000000, '0000-00-00 00:00:00', '0000-00-00 00:00:00'),
(410, 1, 4858, 4, 35.00000000, '2016-01-29', '17:43:00', 1.00000000, 35.00000000, '', '', 22573, '2016-01-29', 4, 'N', 'APARICIO CASTELLI', '0000-00-00', 0.00000000, 0.00000000, 155.00000000, '0000-00-00 00:00:00', '0000-00-00 00:00:00'),
(411, 1, 4859, 6, 120.00000000, '2016-01-29', '17:43:00', 1.00000000, 120.00000000, '', '', 22573, '2016-01-29', 4, 'N', 'APARICIO CASTELLI', '0000-00-00', 0.00000000, 0.00000000, 155.00000000, '0000-00-00 00:00:00', '0000-00-00 00:00:00'),
(412, 1, 4860, 20, 120.00000000, '2016-02-01', '15:08:00', 1.00000000, 120.00000000, '', '', 22576, '2016-02-01', 4, 'N', 'APARICIO CASTELLI', '0000-00-00', 0.00000000, 0.00000000, 212.50000000, '0000-00-00 00:00:00', '0000-00-00 00:00:00'),
(413, 1, 4861, 22, 82.50000000, '2016-02-01', '15:08:00', 1.00000000, 82.50000000, '', '', 22576, '2016-02-01', 4, 'N', 'APARICIO CASTELLI', '0000-00-00', 0.00000000, 0.00000000, 212.50000000, '0000-00-00 00:00:00', '0000-00-00 00:00:00'),
(414, 1, 4862, 3, 10.00000000, '2016-02-01', '15:08:00', 1.00000000, 10.00000000, '', '', 22576, '2016-02-01', 4, 'N', 'APARICIO CASTELLI', '0000-00-00', 0.00000000, 0.00000000, 212.50000000, '0000-00-00 00:00:00', '0000-00-00 00:00:00'),
(415, 1, 4863, 3, 10.00000000, '2016-02-01', '15:55:00', 1.00000000, 10.00000000, '', '', 22577, '2016-02-01', 4, 'N', 'APARICIO CASTELLI', '0000-00-00', 0.00000000, 0.00000000, 10.00000000, '0000-00-00 00:00:00', '0000-00-00 00:00:00'),
(416, 1, 4864, 7, 30.00000000, '2016-02-01', '15:56:00', 1.00000000, 30.00000000, '', '', 22578, '2016-02-01', 4, 'N', '', '0000-00-00', 0.00000000, 0.00000000, 60.00000000, '0000-00-00 00:00:00', '0000-00-00 00:00:00'),
(417, 1, 4865, 21, 30.00000000, '2016-02-01', '15:56:00', 1.00000000, 30.00000000, '', '', 22578, '2016-02-01', 4, 'N', '', '0000-00-00', 0.00000000, 0.00000000, 60.00000000, '0000-00-00 00:00:00', '0000-00-00 00:00:00'),
(418, 1, 4866, 6, 120.00000000, '2016-02-02', '09:40:00', 1.00000000, 120.00000000, '', '', 22580, '2016-02-02', 4, 'N', '', '0000-00-00', 0.00000000, 0.00000000, 120.00000000, '0000-00-00 00:00:00', '0000-00-00 00:00:00'),
(419, 1, 4867, 3, 10.00000000, '2016-02-02', '09:40:00', 1.00000000, 10.00000000, '', '', 0, '2016-02-02', 4, 'N', '', '0000-00-00', 0.00000000, 0.00000000, 0.00000000, '0000-00-00 00:00:00', '0000-00-00 00:00:00'),
(420, 1, 4868, 3, 10.00000000, '2016-02-02', '10:03:00', 1.00000000, 10.00000000, '', '', 22581, '2016-02-02', 4, 'N', '', '0000-00-00', 0.00000000, 0.00000000, 1210.00000000, '0000-00-00 00:00:00', '0000-00-00 00:00:00'),
(421, 1, 4869, 5, 1200.00000000, '2016-02-02', '10:03:00', 1.00000000, 1200.00000000, '', '', 22581, '2016-02-02', 4, 'N', '', '0000-00-00', 0.00000000, 0.00000000, 1210.00000000, '0000-00-00 00:00:00', '0000-00-00 00:00:00'),
(422, 1, 4870, 3, 10.00000000, '2016-02-02', '10:09:00', 1.00000000, 10.00000000, '', '', 22582, '2016-02-02', 4, 'N', 'PREF. MUN. SECRETARI', '0000-00-00', 0.00000000, 0.00000000, 10.00000000, '0000-00-00 00:00:00', '0000-00-00 00:00:00'),
(423, 1, 4871, 21, 30.00000000, '2016-02-02', '10:10:00', 1.00000000, 30.00000000, '', '', 22583, '2016-02-02', 4, 'N', 'APARICIO CASTELLI', '0000-00-00', 0.00000000, 0.00000000, 162.50000000, '0000-00-00 00:00:00', '0000-00-00 00:00:00'),
(424, 1, 4872, 22, 82.50000000, '2016-02-02', '10:10:00', 1.00000000, 82.50000000, '', '', 22583, '2016-02-02', 4, 'N', 'APARICIO CASTELLI', '0000-00-00', 0.00000000, 0.00000000, 162.50000000, '0000-00-00 00:00:00', '0000-00-00 00:00:00'),
(425, 1, 4873, 1, 50.00000000, '2016-02-02', '10:10:00', 44.52400000, 1.12300000, '', '', 22583, '2016-02-02', 4, 'N', 'APARICIO CASTELLI', '0000-00-00', 0.00000000, 0.00000000, 162.50000000, '0000-00-00 00:00:00', '0000-00-00 00:00:00'),
(426, 1, 4874, 3, 10.00000000, '2016-02-04', '17:58:00', 1.00000000, 10.00000000, '', '', 22585, '2016-02-04', 4, 'N', '', '0000-00-00', 0.00000000, 0.00000000, 10.00000000, '0000-00-00 00:00:00', '0000-00-00 00:00:00'),
(427, 1, 4875, 22, 82.50000000, '2016-02-04', '18:08:00', 1.00000000, 82.50000000, '', '', 22586, '2016-02-04', 4, 'N', '', '0000-00-00', 0.00000000, 0.00000000, 82.50000000, '0000-00-00 00:00:00', '0000-00-00 00:00:00'),
(428, 1, 4876, 4, 35.00000000, '2016-02-12', '14:28:00', 1.00000000, 35.00000000, '', '', 22588, '2016-02-12', 4, 'N', '', '0000-00-00', 0.00000000, 0.00000000, 1235.00000000, '0000-00-00 00:00:00', '0000-00-00 00:00:00'),
(429, 1, 4877, 5, 1200.00000000, '2016-02-12', '14:28:00', 1.00000000, 1200.00000000, '', '', 22588, '2016-02-12', 4, 'N', '', '0000-00-00', 0.00000000, 0.00000000, 1235.00000000, '0000-00-00 00:00:00', '0000-00-00 00:00:00'),
(430, 1, 4878, 20, 120.00000000, '2016-02-12', '14:31:00', 1.00000000, 120.00000000, '', '', 22589, '2016-02-12', 4, 'N', '', '0000-00-00', 0.00000000, 0.00000000, 202.50000000, '0000-00-00 00:00:00', '0000-00-00 00:00:00'),
(431, 1, 4879, 22, 82.50000000, '2016-02-12', '14:31:00', 1.00000000, 82.50000000, '', '', 22589, '2016-02-12', 4, 'N', '', '0000-00-00', 0.00000000, 0.00000000, 202.50000000, '0000-00-00 00:00:00', '0000-00-00 00:00:00'),
(432, 1, 4880, 3, 10.00000000, '2016-02-12', '15:54:00', 1.00000000, 10.00000000, '', '', 22590, '2016-02-12', 4, 'N', '', '0000-00-00', 0.00000000, 0.00000000, 160.00000000, '0000-00-00 00:00:00', '0000-00-00 00:00:00'),
(433, 1, 4881, 6, 120.00000000, '2016-02-12', '15:54:00', 1.00000000, 120.00000000, '', '', 22590, '2016-02-12', 4, 'N', '', '0000-00-00', 0.00000000, 0.00000000, 160.00000000, '0000-00-00 00:00:00', '0000-00-00 00:00:00'),
(434, 1, 4882, 7, 30.00000000, '2016-02-12', '15:54:00', 1.00000000, 30.00000000, '', '', 22590, '2016-02-12', 4, 'N', '', '0000-00-00', 0.00000000, 0.00000000, 160.00000000, '0000-00-00 00:00:00', '0000-00-00 00:00:00'),
(435, 1, 4883, 3, 10.00000000, '2016-02-12', '16:44:00', 1.00000000, 10.00000000, '', '', 22591, '2016-02-12', 4, 'N', '', '0000-00-00', 0.00000000, 0.00000000, 40.00000000, '0000-00-00 00:00:00', '0000-00-00 00:00:00'),
(436, 1, 4884, 7, 30.00000000, '2016-02-12', '16:44:00', 1.00000000, 30.00000000, '', '', 22591, '2016-02-12', 4, 'N', '', '0000-00-00', 0.00000000, 0.00000000, 40.00000000, '0000-00-00 00:00:00', '0000-00-00 00:00:00'),
(437, 1, 4885, 3, 10.00000000, '2016-02-12', '16:50:00', 1.00000000, 10.00000000, '', '', 22592, '2016-02-12', 4, 'N', '', '0000-00-00', 0.00000000, 0.00000000, 122.50000000, '0000-00-00 00:00:00', '0000-00-00 00:00:00'),
(438, 1, 4886, 7, 30.00000000, '2016-02-12', '16:50:00', 1.00000000, 30.00000000, '', '', 22592, '2016-02-12', 4, 'N', '', '0000-00-00', 0.00000000, 0.00000000, 122.50000000, '0000-00-00 00:00:00', '0000-00-00 00:00:00'),
(439, 1, 4887, 22, 82.50000000, '2016-02-12', '16:50:00', 1.00000000, 82.50000000, '', '', 22592, '2016-02-12', 4, 'N', '', '0000-00-00', 0.00000000, 0.00000000, 122.50000000, '0000-00-00 00:00:00', '0000-00-00 00:00:00'),
(440, 1, 4888, 4, 35.00000000, '2016-02-12', '16:59:00', 1.00000000, 35.00000000, '', '', 22593, '2016-02-12', 4, 'N', '', '0000-00-00', 0.00000000, 0.00000000, 35.00000000, '0000-00-00 00:00:00', '0000-00-00 00:00:00'),
(441, 1, 4889, 3, 10.00000000, '2016-02-12', '17:03:00', 1.00000000, 10.00000000, '', '', 22594, '2016-02-12', 4, 'N', '', '0000-00-00', 0.00000000, 0.00000000, 10.00000000, '0000-00-00 00:00:00', '0000-00-00 00:00:00'),
(442, 1, 4890, 4, 35.00000000, '2016-02-12', '17:37:00', 1.00000000, 35.00000000, '', '', 22595, '2016-02-12', 4, 'N', '', '0000-00-00', 0.00000000, 0.00000000, 35.00000000, '0000-00-00 00:00:00', '0000-00-00 00:00:00'),
(443, 1, 4891, 20, 120.00000000, '2016-02-12', '17:40:00', 1.00000000, 120.00000000, '', '', 22596, '2016-02-12', 4, 'N', '', '0000-00-00', 0.00000000, 0.00000000, 120.00000000, '0000-00-00 00:00:00', '0000-00-00 00:00:00'),
(444, 1, 4892, 3, 10.00000000, '2016-02-15', '11:40:00', 1.00000000, 10.00000000, '', '', 22598, '2016-02-15', 4, 'C', '', '2016-02-15', 0.00000000, 0.00000000, 10.00000000, '0000-00-00 00:00:00', '0000-00-00 00:00:00'),
(445, 1, 4893, 3, 10.00000000, '2016-02-15', '11:44:00', 1.00000000, 10.00000000, '', '', 22600, '2016-02-15', 4, 'N', '', '0000-00-00', 0.00000000, 0.00000000, 10.00000000, '0000-00-00 00:00:00', '0000-00-00 00:00:00'),
(446, 1, 4894, 22, 82.50000000, '2016-03-01', '09:39:00', 1.00000000, 82.50000000, '', '', 22603, '2016-03-01', 4, 'C', '', '2016-03-01', 0.00000000, 0.00000000, 82.50000000, '0000-00-00 00:00:00', '0000-00-00 00:00:00');
INSERT INTO `dadosfaturamento` (`_id`, `tenant_id`, `codigo`, `produto_codigo`, `valorproduto`, `datanegociacao`, `hora`, `quantidade`, `valorunitario`, `motorista`, `placa`, `numeronota`, `emissao`, `caixa_codigo`, `excluido`, `nomecliente`, `datacancelamento`, `valordesconto`, `valoracrescimo`, `valortotalcupom`, `created_at`, `updated_at`) VALUES
(447, 1, 4895, 22, 82.50000000, '2016-03-01', '09:41:00', 1.00000000, 82.50000000, '', '', 22605, '2016-03-01', 4, 'N', '', '0000-00-00', 0.00000000, 0.00000000, 82.50000000, '0000-00-00 00:00:00', '0000-00-00 00:00:00'),
(448, 1, 4896, 3, 10.00000000, '2016-03-24', '09:58:00', 1.00000000, 10.00000000, '', '', 22607, '2016-03-24', 4, 'C', '', '2016-03-24', 0.00000000, 0.00000000, 10.00000000, '0000-00-00 00:00:00', '0000-00-00 00:00:00'),
(449, 1, 4897, 4, 35.00000000, '2016-03-24', '09:59:00', 1.00000000, 35.00000000, '', '', 22609, '2016-03-24', 4, 'N', '', '0000-00-00', 0.00000000, 0.00000000, 35.00000000, '0000-00-00 00:00:00', '0000-00-00 00:00:00'),
(450, 1, 4898, 3, 10.00000000, '2016-03-29', '14:28:00', 1.00000000, 10.00000000, '', '', 22611, '2016-03-29', 4, 'C', '', '2016-03-29', 0.00000000, 0.00000000, 1395.00000000, '0000-00-00 00:00:00', '0000-00-00 00:00:00'),
(451, 1, 4899, 4, 35.00000000, '2016-03-29', '14:28:00', 1.00000000, 35.00000000, '', '', 22611, '2016-03-29', 4, 'C', '', '2016-03-29', 0.00000000, 0.00000000, 1395.00000000, '0000-00-00 00:00:00', '0000-00-00 00:00:00'),
(452, 1, 4900, 5, 1200.00000000, '2016-03-29', '14:28:00', 1.00000000, 1200.00000000, '', '', 22611, '2016-03-29', 4, 'C', '', '2016-03-29', 0.00000000, 0.00000000, 1395.00000000, '0000-00-00 00:00:00', '0000-00-00 00:00:00'),
(453, 1, 4901, 6, 120.00000000, '2016-03-29', '14:28:00', 1.00000000, 120.00000000, '', '', 22611, '2016-03-29', 4, 'C', '', '2016-03-29', 0.00000000, 0.00000000, 1395.00000000, '0000-00-00 00:00:00', '0000-00-00 00:00:00'),
(454, 1, 4902, 7, 30.00000000, '2016-03-29', '14:28:00', 1.00000000, 30.00000000, '', '', 22611, '2016-03-29', 4, 'C', '', '2016-03-29', 0.00000000, 0.00000000, 1395.00000000, '0000-00-00 00:00:00', '0000-00-00 00:00:00'),
(455, 1, 4903, 3, 10.00000000, '2016-03-29', '14:29:00', 1.00000000, 10.00000000, '', '', 22613, '2016-03-29', 4, 'N', '', '0000-00-00', 0.00000000, 0.00000000, 1255.00000000, '0000-00-00 00:00:00', '0000-00-00 00:00:00'),
(456, 1, 4904, 3, 10.00000000, '2016-03-29', '14:29:00', 1.00000000, 10.00000000, '', '', 22613, '2016-03-29', 4, 'N', '', '0000-00-00', 0.00000000, 0.00000000, 1255.00000000, '0000-00-00 00:00:00', '0000-00-00 00:00:00'),
(457, 1, 4905, 4, 35.00000000, '2016-03-29', '14:29:00', 1.00000000, 35.00000000, '', '', 22613, '2016-03-29', 4, 'N', '', '0000-00-00', 0.00000000, 0.00000000, 1255.00000000, '0000-00-00 00:00:00', '0000-00-00 00:00:00'),
(458, 1, 4906, 5, 1200.00000000, '2016-03-29', '14:29:00', 1.00000000, 1200.00000000, '', '', 22613, '2016-03-29', 4, 'N', '', '0000-00-00', 0.00000000, 0.00000000, 1255.00000000, '0000-00-00 00:00:00', '0000-00-00 00:00:00'),
(459, 1, 4907, 3, 10.00000000, '2016-03-30', '14:39:00', 1.00000000, 10.00000000, '', '', 22615, '2016-03-30', 4, 'N', '', '0000-00-00', 0.00000000, 0.00000000, 10.00000000, '0000-00-00 00:00:00', '0000-00-00 00:00:00'),
(460, 1, 4908, 3, 10.00000000, '2016-03-30', '14:40:00', 1.00000000, 10.00000000, '', '', 22616, '2016-03-30', 4, 'N', '', '0000-00-00', 0.00000000, 0.00000000, 1245.00000000, '0000-00-00 00:00:00', '0000-00-00 00:00:00'),
(461, 1, 4909, 4, 35.00000000, '2016-03-30', '14:40:00', 1.00000000, 35.00000000, '', '', 22616, '2016-03-30', 4, 'N', '', '0000-00-00', 0.00000000, 0.00000000, 1245.00000000, '0000-00-00 00:00:00', '0000-00-00 00:00:00'),
(462, 1, 4910, 5, 1200.00000000, '2016-03-30', '14:40:00', 1.00000000, 1200.00000000, '', '', 22616, '2016-03-30', 4, 'N', '', '0000-00-00', 0.00000000, 0.00000000, 1245.00000000, '0000-00-00 00:00:00', '0000-00-00 00:00:00'),
(463, 1, 4911, 6, 120.00000000, '2016-03-30', '14:40:00', 1.00000000, 120.00000000, '', '', 22617, '2016-03-30', 4, 'N', '', '0000-00-00', 0.00000000, 0.00000000, 232.50000000, '0000-00-00 00:00:00', '0000-00-00 00:00:00'),
(464, 1, 4912, 20, 120.00000000, '2016-03-30', '14:40:00', 1.00000000, 120.00000000, '', '', 22617, '2016-03-30', 4, 'C', '', '2016-03-30', 0.00000000, 0.00000000, 232.50000000, '0000-00-00 00:00:00', '0000-00-00 00:00:00'),
(465, 1, 4913, 21, 30.00000000, '2016-03-30', '14:40:00', 1.00000000, 30.00000000, '', '', 22617, '2016-03-30', 4, 'N', '', '0000-00-00', 0.00000000, 0.00000000, 232.50000000, '0000-00-00 00:00:00', '0000-00-00 00:00:00'),
(466, 1, 4914, 22, 82.50000000, '2016-03-30', '14:40:00', 1.00000000, 82.50000000, '', '', 22617, '2016-03-30', 4, 'N', '', '0000-00-00', 0.00000000, 0.00000000, 232.50000000, '0000-00-00 00:00:00', '0000-00-00 00:00:00'),
(467, 1, 4915, 3, 10.00000000, '2016-03-30', '14:43:00', 1.00000000, 10.00000000, '', '', 22618, '2016-03-30', 4, 'C', '', '2016-03-30', 0.00000000, 0.00000000, 65.00000000, '0000-00-00 00:00:00', '0000-00-00 00:00:00'),
(468, 1, 4916, 4, 35.00000000, '2016-03-30', '14:43:00', 1.00000000, 35.00000000, '', '', 22618, '2016-03-30', 4, 'N', '', '0000-00-00', 0.00000000, 0.00000000, 65.00000000, '0000-00-00 00:00:00', '0000-00-00 00:00:00'),
(469, 1, 4917, 21, 30.00000000, '2016-03-30', '14:43:00', 1.00000000, 30.00000000, '', '', 22618, '2016-03-30', 4, 'N', '', '0000-00-00', 0.00000000, 0.00000000, 65.00000000, '0000-00-00 00:00:00', '0000-00-00 00:00:00'),
(470, 1, 4918, 3, 10.00000000, '2016-03-30', '14:53:00', 1.00000000, 10.00000000, '', '', 22619, '2016-03-30', 4, 'C', '', '2016-03-30', 0.00000000, 0.00000000, 127.50000000, '0000-00-00 00:00:00', '0000-00-00 00:00:00'),
(471, 1, 4919, 4, 35.00000000, '2016-03-30', '14:53:00', 1.00000000, 35.00000000, '', '', 22619, '2016-03-30', 4, 'C', '', '2016-03-30', 0.00000000, 0.00000000, 127.50000000, '0000-00-00 00:00:00', '0000-00-00 00:00:00'),
(472, 1, 4920, 22, 82.50000000, '2016-03-30', '14:53:00', 1.00000000, 82.50000000, '', '', 22619, '2016-03-30', 4, 'C', '', '2016-03-30', 0.00000000, 0.00000000, 127.50000000, '0000-00-00 00:00:00', '0000-00-00 00:00:00'),
(473, 1, 4921, 3, 10.00000000, '2016-03-30', '15:20:00', 1.00000000, 10.00000000, '', '', 22620, '2016-03-30', 4, 'C', 'APARICIO CASTELLI', '2016-03-30', 0.00000000, 0.00000000, 45.00000000, '0000-00-00 00:00:00', '0000-00-00 00:00:00'),
(474, 1, 4922, 4, 35.00000000, '2016-03-30', '15:20:00', 1.00000000, 35.00000000, '', '', 22620, '2016-03-30', 4, 'C', 'APARICIO CASTELLI', '2016-03-30', 0.00000000, 0.00000000, 45.00000000, '0000-00-00 00:00:00', '0000-00-00 00:00:00'),
(475, 1, 4923, 4, 35.00000000, '2016-03-30', '15:36:00', 1.00000000, 35.00000000, '', '', 22621, '2016-03-30', 4, 'N', 'APARICIO CASTELLI', '0000-00-00', 0.00000000, 0.00000000, 35.00000000, '0000-00-00 00:00:00', '0000-00-00 00:00:00'),
(476, 1, 4924, 3, 9.00000000, '2016-04-18', '16:37:00', 1.00000000, 9.00000000, '', '', 22624, '2016-04-18', 4, 'N', 'ANTONIO OSVALDO MAZE', '0000-00-00', 0.00000000, 0.00000000, 9.00000000, '0000-00-00 00:00:00', '0000-00-00 00:00:00'),
(477, 1, 4925, 4, 35.00000000, '2016-04-18', '16:38:00', 1.00000000, 35.00000000, '', '', 22625, '2016-04-18', 4, 'N', 'PREF. MUN. SECRETARI', '0000-00-00', 0.00000000, 0.00000000, 35.00000000, '0000-00-00 00:00:00', '0000-00-00 00:00:00'),
(478, 1, 4926, 3, 10.00000000, '2016-04-18', '16:41:00', 1.00000000, 10.00000000, '', '', 22626, '2016-04-18', 4, 'N', 'APARICIO CASTELLI', '0000-00-00', 0.00000000, 0.00000000, 10.00000000, '0000-00-00 00:00:00', '0000-00-00 00:00:00'),
(479, 1, 4927, 5, 1200.00000000, '2016-04-27', '08:33:00', 1.00000000, 1200.00000000, '', '', 22628, '2016-04-27', 4, 'N', '', '0000-00-00', 0.00000000, 0.00000000, 1200.00000000, '0000-00-00 00:00:00', '0000-00-00 00:00:00'),
(480, 1, 4928, 3, 10.00000000, '2016-05-05', '16:26:00', 1.00000000, 10.00000000, '', '', 22633, '2016-05-05', 4, 'C', '', '2016-05-05', 0.00000000, 0.00000000, 1365.00000000, '0000-00-00 00:00:00', '0000-00-00 00:00:00'),
(481, 1, 4929, 4, 35.00000000, '2016-05-05', '16:26:00', 1.00000000, 35.00000000, '', '', 22633, '2016-05-05', 4, 'C', '', '2016-05-05', 0.00000000, 0.00000000, 1365.00000000, '0000-00-00 00:00:00', '0000-00-00 00:00:00'),
(482, 1, 4930, 5, 1200.00000000, '2016-05-05', '16:26:00', 1.00000000, 1200.00000000, '', '', 22633, '2016-05-05', 4, 'C', '', '2016-05-05', 0.00000000, 0.00000000, 1365.00000000, '0000-00-00 00:00:00', '0000-00-00 00:00:00'),
(483, 1, 4931, 6, 120.00000000, '2016-05-05', '16:26:00', 1.00000000, 120.00000000, '', '', 22633, '2016-05-05', 4, 'C', '', '2016-05-05', 0.00000000, 0.00000000, 1365.00000000, '0000-00-00 00:00:00', '0000-00-00 00:00:00'),
(484, 1, 4932, 7, 30.00000000, '2016-05-05', '16:26:00', 1.00000000, 30.00000000, '', '', 22633, '2016-05-05', 4, 'C', '', '2016-05-05', 0.00000000, 0.00000000, 0.00000000, '0000-00-00 00:00:00', '0000-00-00 00:00:00'),
(485, 1, 4933, 22, 82.50000000, '2016-05-05', '16:30:00', 1.00000000, 82.50000000, '', '', 22635, '2016-05-05', 4, 'N', '', '0000-00-00', 0.00000000, 0.00000000, 232.50000000, '0000-00-00 00:00:00', '0000-00-00 00:00:00'),
(486, 1, 4934, 21, 30.00000000, '2016-05-05', '16:30:00', 1.00000000, 30.00000000, '', '', 22635, '2016-05-05', 4, 'N', '', '0000-00-00', 0.00000000, 0.00000000, 232.50000000, '0000-00-00 00:00:00', '0000-00-00 00:00:00'),
(487, 1, 4935, 20, 120.00000000, '2016-05-05', '16:30:00', 1.00000000, 120.00000000, '', '', 22635, '2016-05-05', 4, 'N', '', '0000-00-00', 0.00000000, 0.00000000, 232.50000000, '0000-00-00 00:00:00', '0000-00-00 00:00:00'),
(488, 1, 4936, 3, 10.00000000, '2016-05-05', '16:31:00', 1.00000000, 10.00000000, '', '', 22636, '2016-05-05', 4, 'N', '', '0000-00-00', 0.00000000, 0.00000000, 45.00000000, '0000-00-00 00:00:00', '0000-00-00 00:00:00'),
(489, 1, 4937, 4, 35.00000000, '2016-05-05', '16:31:00', 1.00000000, 35.00000000, '', '', 22636, '2016-05-05', 4, 'N', '', '0000-00-00', 0.00000000, 0.00000000, 45.00000000, '0000-00-00 00:00:00', '0000-00-00 00:00:00'),
(490, 1, 4938, 5, 1200.00000000, '2016-05-05', '16:31:00', 1.00000000, 1200.00000000, '', '', 22637, '2016-05-05', 4, 'N', '', '0000-00-00', 0.00000000, 0.00000000, 1200.00000000, '0000-00-00 00:00:00', '0000-00-00 00:00:00'),
(491, 1, 4939, 6, 120.00000000, '2016-05-05', '16:31:00', 1.00000000, 120.00000000, '', '', 22638, '2016-05-05', 4, 'N', '', '0000-00-00', 0.00000000, 0.00000000, 150.00000000, '0000-00-00 00:00:00', '0000-00-00 00:00:00'),
(492, 1, 4940, 7, 30.00000000, '2016-05-05', '16:31:00', 1.00000000, 30.00000000, '', '', 22638, '2016-05-05', 4, 'N', '', '0000-00-00', 0.00000000, 0.00000000, 150.00000000, '0000-00-00 00:00:00', '0000-00-00 00:00:00'),
(493, 1, 4941, 3, 10.00000000, '2016-05-05', '16:32:00', 1.00000000, 10.00000000, '', '', 22639, '2016-05-05', 4, 'N', '', '0000-00-00', 0.00000000, 1.00000000, 45.50000000, '0000-00-00 00:00:00', '0000-00-00 00:00:00'),
(494, 1, 4942, 4, 35.00000000, '2016-05-05', '16:32:00', 1.00000000, 35.00000000, '', '', 22639, '2016-05-05', 4, 'N', '', '0000-00-00', 0.50000000, 0.00000000, 45.50000000, '0000-00-00 00:00:00', '0000-00-00 00:00:00'),
(495, 1, 4943, 5, 1200.00000000, '2016-05-05', '16:34:00', 1.00000000, 1200.00000000, '', '', 22641, '2016-05-05', 4, 'N', '', '0000-00-00', 0.00000000, 50.00000000, 1250.00000000, '0000-00-00 00:00:00', '0000-00-00 00:00:00'),
(496, 1, 4944, 5, 1200.00000000, '2016-05-05', '16:35:00', 1.00000000, 1200.00000000, '', '', 22642, '2016-05-05', 4, 'N', '', '0000-00-00', 0.00000000, 0.00000000, 1200.00000000, '0000-00-00 00:00:00', '0000-00-00 00:00:00'),
(497, 1, 4945, 5, 1200.00000000, '2016-05-09', '16:34:00', 1.00000000, 1200.00000000, '', '', 22644, '2016-05-09', 4, 'N', '', '0000-00-00', 0.00000000, 10.00000000, 1210.00000000, '0000-00-00 00:00:00', '0000-00-00 00:00:00'),
(498, 1, 4946, 5, 1200.00000000, '2016-05-09', '16:35:00', 1.00000000, 1200.00000000, '', '', 22645, '2016-05-09', 4, 'N', '', '0000-00-00', 0.00000000, 0.00000000, 1200.00000000, '0000-00-00 00:00:00', '0000-00-00 00:00:00'),
(499, 1, 4947, 4, 35.00000000, '2016-05-09', '16:42:00', 1.00000000, 35.00000000, '', '', 22647, '2016-05-09', 4, 'N', '', '0000-00-00', 0.00000000, 5.00000000, 40.00000000, '0000-00-00 00:00:00', '0000-00-00 00:00:00'),
(500, 1, 4948, 4, 35.00000000, '2016-05-09', '16:42:00', 1.00000000, 35.00000000, '', '', 22648, '2016-05-09', 4, 'N', '', '0000-00-00', 1.00000000, 0.00000000, 34.00000000, '0000-00-00 00:00:00', '0000-00-00 00:00:00'),
(501, 1, 4949, 4, 35.00000000, '2016-05-09', '17:09:00', 1.00000000, 35.00000000, '', '', 22650, '2016-05-09', 4, 'N', '', '0000-00-00', 0.00000000, 5.00000000, 1250.00000000, '0000-00-00 00:00:00', '0000-00-00 00:00:00'),
(502, 1, 4950, 5, 1200.00000000, '2016-05-09', '17:09:00', 1.00000000, 1200.00000000, '', '', 22650, '2016-05-09', 4, 'N', '', '0000-00-00', 0.00000000, 10.00000000, 1250.00000000, '0000-00-00 00:00:00', '0000-00-00 00:00:00'),
(503, 1, 4951, 3, 10.00000000, '2016-05-09', '17:37:00', 1.00000000, 10.00000000, '', '', 22652, '2016-05-09', 4, 'C', '', '2016-05-09', 0.00000000, 0.00000000, 10.00000000, '0000-00-00 00:00:00', '0000-00-00 00:00:00'),
(504, 1, 4952, 5, 1200.00000000, '2016-05-09', '17:37:00', 1.00000000, 1200.00000000, '', '', 22654, '2016-05-09', 4, 'C', '', '2016-05-09', 0.00000000, 0.00000000, 1200.00000000, '0000-00-00 00:00:00', '0000-00-00 00:00:00'),
(505, 1, 4953, 3, 10.00000000, '2016-05-09', '17:55:00', 1.00000000, 10.00000000, '', '', 22657, '2016-05-09', 4, 'C', '', '2016-05-09', 0.00000000, 5.00000000, 15.00000000, '0000-00-00 00:00:00', '0000-00-00 00:00:00'),
(506, 1, 4954, 5, 1200.00000000, '2016-05-09', '17:56:00', 1.00000000, 1200.00000000, '', '', 22659, '2016-05-09', 4, 'C', '', '2016-05-09', 0.00000000, 50.00000000, 1250.00000000, '0000-00-00 00:00:00', '0000-00-00 00:00:00'),
(507, 1, 4955, 4, 35.00000000, '2016-05-12', '15:45:00', 1.00000000, 35.00000000, '', '', 22663, '2016-05-12', 4, 'N', '', '0000-00-00', 0.00000000, 0.00000000, 185.00000000, '0000-00-00 00:00:00', '0000-00-00 00:00:00'),
(508, 1, 4956, 6, 120.00000000, '2016-05-12', '15:45:00', 1.00000000, 120.00000000, '', '', 22663, '2016-05-12', 4, 'N', '', '0000-00-00', 0.00000000, 0.00000000, 185.00000000, '0000-00-00 00:00:00', '0000-00-00 00:00:00'),
(509, 1, 4957, 21, 30.00000000, '2016-05-12', '15:45:00', 1.00000000, 30.00000000, '', '', 22663, '2016-05-12', 4, 'N', '', '0000-00-00', 0.00000000, 0.00000000, 185.00000000, '0000-00-00 00:00:00', '0000-00-00 00:00:00'),
(510, 1, 4958, 4, 35.00000000, '2016-05-12', '17:10:00', 1.00000000, 35.00000000, '', '', 22665, '2016-05-12', 4, 'C', '', '2016-05-12', 0.00000000, 0.00000000, 185.00000000, '0000-00-00 00:00:00', '0000-00-00 00:00:00'),
(511, 1, 4959, 6, 120.00000000, '2016-05-12', '17:10:00', 1.00000000, 120.00000000, '', '', 22665, '2016-05-12', 4, 'C', '', '2016-05-12', 0.00000000, 0.00000000, 185.00000000, '0000-00-00 00:00:00', '0000-00-00 00:00:00'),
(512, 1, 4960, 21, 30.00000000, '2016-05-12', '17:10:00', 1.00000000, 30.00000000, '', '', 22665, '2016-05-12', 4, 'C', '', '2016-05-12', 0.00000000, 0.00000000, 185.00000000, '0000-00-00 00:00:00', '0000-00-00 00:00:00'),
(513, 1, 4961, 5, 1200.00000000, '2016-05-12', '17:15:00', 1.00000000, 1200.00000000, '', '', 22668, '2016-05-12', 4, 'N', '', '0000-00-00', 0.00000000, 0.00000000, 1200.00000000, '0000-00-00 00:00:00', '0000-00-00 00:00:00'),
(514, 1, 4962, 20, 120.00000000, '2016-05-12', '17:21:00', 1.00000000, 120.00000000, '', '', 22670, '2016-05-12', 4, 'N', '', '0000-00-00', 0.00000000, 5.00000000, 125.00000000, '0000-00-00 00:00:00', '0000-00-00 00:00:00'),
(515, 1, 4963, 20, 120.00000000, '2016-05-12', '17:40:00', 1.00000000, 120.00000000, '', '', 22672, '2016-05-12', 4, 'N', '', '0000-00-00', 20.00000000, 0.00000000, 100.00000000, '0000-00-00 00:00:00', '0000-00-00 00:00:00'),
(516, 1, 4964, 3, 10.00000000, '2016-05-16', '11:16:00', 1.00000000, 10.00000000, '', '', 22675, '2016-05-16', 4, 'C', '', '2016-05-16', 0.00000000, 0.00000000, 35.00000000, '0000-00-00 00:00:00', '0000-00-00 00:00:00'),
(517, 1, 4965, 4, 35.00000000, '2016-05-16', '11:16:00', 1.00000000, 35.00000000, '', '', 22675, '2016-05-16', 4, 'N', '', '0000-00-00', 0.00000000, 0.00000000, 35.00000000, '0000-00-00 00:00:00', '0000-00-00 00:00:00'),
(518, 1, 4966, 3, 10.00000000, '2016-05-16', '11:22:00', 1.00000000, 10.00000000, '', '', 22676, '2016-05-16', 4, 'C', '', '2016-05-16', 0.00000000, 0.00000000, 65.00000000, '0000-00-00 00:00:00', '0000-00-00 00:00:00'),
(519, 1, 4967, 4, 35.00000000, '2016-05-16', '11:22:00', 1.00000000, 35.00000000, '', '', 22676, '2016-05-16', 4, 'N', '', '0000-00-00', 0.00000000, 0.00000000, 65.00000000, '0000-00-00 00:00:00', '0000-00-00 00:00:00'),
(520, 1, 4968, 7, 30.00000000, '2016-05-16', '11:22:00', 1.00000000, 30.00000000, '', '', 22676, '2016-05-16', 4, 'N', '', '0000-00-00', 0.00000000, 0.00000000, 65.00000000, '0000-00-00 00:00:00', '0000-00-00 00:00:00'),
(521, 1, 4969, 3, 10.00000000, '2016-05-16', '17:34:00', 1.00000000, 10.00000000, '', '', 22681, '2016-05-16', 4, 'N', '', '0000-00-00', 0.00000000, 0.00000000, 10.00000000, '0000-00-00 00:00:00', '0000-00-00 00:00:00'),
(522, 1, 4970, 3, 10.00000000, '2016-05-16', '17:43:00', 1.00000000, 10.00000000, '', '', 22682, '2016-05-16', 4, 'N', '', '0000-00-00', 0.00000000, 0.00000000, 10.00000000, '0000-00-00 00:00:00', '0000-00-00 00:00:00'),
(523, 1, 4971, 4, 35.00000000, '2016-05-17', '11:58:00', 1.00000000, 35.00000000, '', '', 22687, '2016-05-17', 4, 'N', 'PREF. MUN. SECRETARI', '0000-00-00', 0.00000000, 0.00000000, 35.00000000, '0000-00-00 00:00:00', '0000-00-00 00:00:00'),
(524, 1, 4972, 3, 10.00000000, '2016-05-18', '10:50:00', 1.00000000, 10.00000000, '', '', 22692, '2016-05-18', 4, 'C', '', '2016-05-18', 0.00000000, 0.00000000, 154.91000000, '0000-00-00 00:00:00', '0000-00-00 00:00:00'),
(525, 1, 4973, 4, 35.00000000, '2016-05-18', '10:50:00', 1.00000000, 35.00000000, '', '', 22692, '2016-05-18', 4, 'N', '', '0000-00-00', 0.00000000, 0.00000000, 154.91000000, '0000-00-00 00:00:00', '0000-00-00 00:00:00'),
(526, 1, 4974, 6, 120.00000000, '2016-05-18', '10:50:00', 1.00000000, 120.00000000, '', '', 22692, '2016-05-18', 4, 'N', '', '0000-00-00', 0.09000000, 0.00000000, 154.91000000, '0000-00-00 00:00:00', '0000-00-00 00:00:00'),
(527, 1, 4975, 1, 50.00000000, '2016-10-14', '13:21:00', 44.52400000, 1.12300000, '', '', 22695, '2016-10-14', 4, 'N', '', '0000-00-00', 0.00000000, 0.00000000, 50.00000000, '0000-00-00 00:00:00', '0000-00-00 00:00:00'),
(528, 1, 4976, 1, 50.00000000, '2016-10-14', '13:31:00', 44.52400000, 1.12300000, '', '', 22696, '2016-10-14', 4, 'N', '', '0000-00-00', 0.00000000, 0.00000000, 50.00000000, '0000-00-00 00:00:00', '0000-00-00 00:00:00'),
(529, 1, 5010, 7, 30.00000000, '2016-10-26', '10:34:00', 1.00000000, 30.00000000, '', '', 22700, '2016-10-26', 4, 'N', 'APARICIO CASTELLI', '0000-00-00', 0.00000000, 0.00000000, 30.00000000, '0000-00-00 00:00:00', '0000-00-00 00:00:00');

-- --------------------------------------------------------

--
-- Estrutura da tabela `funcionarios`
--

CREATE TABLE `funcionarios` (
  `_id` int(10) UNSIGNED NOT NULL,
  `tenant_id` int(10) UNSIGNED NOT NULL,
  `codigo` int(11) NOT NULL,
  `nome` varchar(18) COLLATE utf8_unicode_ci NOT NULL,
  `usuario` varchar(20) COLLATE utf8_unicode_ci NOT NULL,
  `created_at` timestamp NOT NULL DEFAULT '0000-00-00 00:00:00',
  `updated_at` timestamp NOT NULL DEFAULT '0000-00-00 00:00:00'
) ENGINE=InnoDB DEFAULT CHARSET=utf8 COLLATE=utf8_unicode_ci;

--
-- Extraindo dados da tabela `funcionarios`
--

INSERT INTO `funcionarios` (`_id`, `tenant_id`, `codigo`, `nome`, `usuario`, `created_at`, `updated_at`) VALUES
(1, 1, 1, 'FUNCIONARIO PADRAO', '', '0000-00-00 00:00:00', '0000-00-00 00:00:00'),
(2, 1, 2, 'CAIXA', 'CAIXA', '0000-00-00 00:00:00', '0000-00-00 00:00:00'),
(3, 1, 3, 'ARIEL', 'ARIEL', '0000-00-00 00:00:00', '0000-00-00 00:00:00'),
(4, 1, 4, 'TESTE', 'TESTE', '0000-00-00 00:00:00', '0000-00-00 00:00:00'),
(5, 1, 5, 'TADEU', 'E-TADEU-E', '0000-00-00 00:00:00', '0000-00-00 00:00:00'),
(6, 1, 6, 'TADEU2', 'E-TADEU2-E', '0000-00-00 00:00:00', '0000-00-00 00:00:00'),
(7, 1, 7, 'TADEU2', 'E-TADEU2-E', '0000-00-00 00:00:00', '0000-00-00 00:00:00'),
(8, 1, 8, 'TADEU2', 'E-TADEU2-E', '0000-00-00 00:00:00', '0000-00-00 00:00:00'),
(9, 1, 9, 'TADEU3', 'E-TADEU3-E', '0000-00-00 00:00:00', '0000-00-00 00:00:00'),
(10, 1, 10, 'TADEU4', 'E-TADEU4-E', '0000-00-00 00:00:00', '0000-00-00 00:00:00'),
(11, 1, 11, 'TADEU4', 'E-TADEU4-E', '0000-00-00 00:00:00', '0000-00-00 00:00:00'),
(12, 1, 12, 'TADEU5', 'E-TADEU5-E', '0000-00-00 00:00:00', '0000-00-00 00:00:00'),
(13, 1, 13, 'TADEU5', 'E-TADEU5-E', '0000-00-00 00:00:00', '0000-00-00 00:00:00'),
(14, 1, 14, 'TADEU5', 'E-TADEU5-E', '0000-00-00 00:00:00', '0000-00-00 00:00:00'),
(15, 1, 15, 'TADEU5', 'E-TADEU5-E', '0000-00-00 00:00:00', '0000-00-00 00:00:00'),
(16, 1, 16, 'FRENTE', 'E--E', '0000-00-00 00:00:00', '0000-00-00 00:00:00'),
(17, 1, 17, 'TADEU', 'E-TADEU-E', '0000-00-00 00:00:00', '0000-00-00 00:00:00');

-- --------------------------------------------------------

--
-- Estrutura da tabela `funcoes`
--

CREATE TABLE `funcoes` (
  `id` int(10) UNSIGNED NOT NULL,
  `descricao` varchar(50) COLLATE utf8_unicode_ci NOT NULL,
  `created_at` timestamp NOT NULL DEFAULT '0000-00-00 00:00:00',
  `updated_at` timestamp NOT NULL DEFAULT '0000-00-00 00:00:00',
  `tenant_id` int(10) UNSIGNED NOT NULL
) ENGINE=InnoDB DEFAULT CHARSET=utf8 COLLATE=utf8_unicode_ci;

--
-- Extraindo dados da tabela `funcoes`
--

INSERT INTO `funcoes` (`id`, `descricao`, `created_at`, `updated_at`, `tenant_id`) VALUES
(1, 'Administrador', '0000-00-00 00:00:00', '0000-00-00 00:00:00', 1);

-- --------------------------------------------------------

--
-- Estrutura da tabela `gruposprodutos`
--

CREATE TABLE `gruposprodutos` (
  `_id` int(10) UNSIGNED NOT NULL,
  `tenant_id` int(10) UNSIGNED NOT NULL,
  `codigo` int(11) NOT NULL,
  `descricao` varchar(50) COLLATE utf8_unicode_ci NOT NULL,
  `created_at` timestamp NOT NULL DEFAULT '0000-00-00 00:00:00',
  `updated_at` timestamp NOT NULL DEFAULT '0000-00-00 00:00:00'
) ENGINE=InnoDB DEFAULT CHARSET=utf8 COLLATE=utf8_unicode_ci;

--
-- Extraindo dados da tabela `gruposprodutos`
--

INSERT INTO `gruposprodutos` (`_id`, `tenant_id`, `codigo`, `descricao`, `created_at`, `updated_at`) VALUES
(1, 1, 1, 'COMBUSTIVEIS', '0000-00-00 00:00:00', '0000-00-00 00:00:00'),
(2, 1, 2, 'LUBRIFICANTES', '0000-00-00 00:00:00', '0000-00-00 00:00:00'),
(3, 1, 3, 'PRODUTOS 060', '0000-00-00 00:00:00', '0000-00-00 00:00:00'),
(4, 1, 4, 'FILTROS', '0000-00-00 00:00:00', '0000-00-00 00:00:00'),
(5, 1, 5, 'ACESSORIOS', '0000-00-00 00:00:00', '0000-00-00 00:00:00'),
(6, 1, 6, 'DIVERSOS', '0000-00-00 00:00:00', '0000-00-00 00:00:00'),
(7, 1, 15, 'SERVIÇOS', '0000-00-00 00:00:00', '0000-00-00 00:00:00'),
(8, 1, 16, 'PRODUTOS 000', '0000-00-00 00:00:00', '0000-00-00 00:00:00');

-- --------------------------------------------------------

--
-- Estrutura da tabela `grupos_acesso`
--

CREATE TABLE `grupos_acesso` (
  `id` int(10) UNSIGNED NOT NULL,
  `descricao` varchar(150) COLLATE utf8_unicode_ci NOT NULL,
  `created_at` timestamp NOT NULL DEFAULT '0000-00-00 00:00:00',
  `updated_at` timestamp NOT NULL DEFAULT '0000-00-00 00:00:00',
  `tenant_id` int(10) UNSIGNED NOT NULL
) ENGINE=InnoDB DEFAULT CHARSET=utf8 COLLATE=utf8_unicode_ci;

--
-- Extraindo dados da tabela `grupos_acesso`
--

INSERT INTO `grupos_acesso` (`id`, `descricao`, `created_at`, `updated_at`, `tenant_id`) VALUES
(1, 'Administrador', '0000-00-00 00:00:00', '0000-00-00 00:00:00', 1),
(2, 'Administrador', '0000-00-00 00:00:00', '0000-00-00 00:00:00', 2);

-- --------------------------------------------------------

--
-- Estrutura da tabela `grupo_acesso_permissoes`
--

CREATE TABLE `grupo_acesso_permissoes` (
  `id` int(10) UNSIGNED NOT NULL,
  `permissao_id` int(10) UNSIGNED NOT NULL,
  `grupo_acesso_id` int(10) UNSIGNED NOT NULL,
  `valor` varchar(1) COLLATE utf8_unicode_ci NOT NULL DEFAULT 'S',
  `tenant_id` int(10) UNSIGNED NOT NULL,
  `created_at` timestamp NOT NULL DEFAULT '0000-00-00 00:00:00',
  `updated_at` timestamp NOT NULL DEFAULT '0000-00-00 00:00:00'
) ENGINE=InnoDB DEFAULT CHARSET=utf8 COLLATE=utf8_unicode_ci;

--
-- Extraindo dados da tabela `grupo_acesso_permissoes`
--

INSERT INTO `grupo_acesso_permissoes` (`id`, `permissao_id`, `grupo_acesso_id`, `valor`, `tenant_id`, `created_at`, `updated_at`) VALUES
(1, 1, 1, 'S', 1, '0000-00-00 00:00:00', '0000-00-00 00:00:00'),
(2, 2, 1, 'S', 1, '0000-00-00 00:00:00', '0000-00-00 00:00:00'),
(3, 3, 1, 'S', 1, '0000-00-00 00:00:00', '0000-00-00 00:00:00'),
(4, 4, 1, 'S', 1, '0000-00-00 00:00:00', '0000-00-00 00:00:00'),
(5, 5, 1, 'S', 1, '0000-00-00 00:00:00', '0000-00-00 00:00:00'),
(6, 6, 1, 'S', 1, '0000-00-00 00:00:00', '0000-00-00 00:00:00'),
(7, 7, 1, 'S', 1, '0000-00-00 00:00:00', '0000-00-00 00:00:00'),
(8, 8, 1, 'S', 1, '0000-00-00 00:00:00', '0000-00-00 00:00:00'),
(9, 9, 1, 'S', 1, '0000-00-00 00:00:00', '0000-00-00 00:00:00'),
(10, 10, 1, 'S', 1, '0000-00-00 00:00:00', '0000-00-00 00:00:00'),
(11, 11, 1, 'S', 1, '0000-00-00 00:00:00', '0000-00-00 00:00:00'),
(12, 12, 1, 'S', 1, '0000-00-00 00:00:00', '0000-00-00 00:00:00'),
(13, 13, 1, 'S', 1, '0000-00-00 00:00:00', '0000-00-00 00:00:00'),
(14, 14, 1, 'S', 1, '0000-00-00 00:00:00', '0000-00-00 00:00:00'),
(15, 15, 1, 'S', 1, '0000-00-00 00:00:00', '0000-00-00 00:00:00'),
(16, 16, 1, 'S', 1, '0000-00-00 00:00:00', '0000-00-00 00:00:00'),
(17, 1, 2, 'S', 2, '0000-00-00 00:00:00', '0000-00-00 00:00:00'),
(18, 2, 2, 'S', 2, '0000-00-00 00:00:00', '0000-00-00 00:00:00'),
(19, 3, 2, 'S', 2, '0000-00-00 00:00:00', '0000-00-00 00:00:00'),
(20, 4, 2, 'S', 2, '0000-00-00 00:00:00', '0000-00-00 00:00:00'),
(21, 5, 2, 'S', 2, '0000-00-00 00:00:00', '0000-00-00 00:00:00'),
(22, 6, 2, 'S', 2, '0000-00-00 00:00:00', '0000-00-00 00:00:00'),
(23, 7, 2, 'S', 2, '0000-00-00 00:00:00', '0000-00-00 00:00:00'),
(24, 8, 2, 'S', 2, '0000-00-00 00:00:00', '0000-00-00 00:00:00'),
(25, 9, 2, 'S', 2, '0000-00-00 00:00:00', '0000-00-00 00:00:00'),
(26, 10, 2, 'S', 2, '0000-00-00 00:00:00', '0000-00-00 00:00:00'),
(27, 11, 2, 'S', 2, '0000-00-00 00:00:00', '0000-00-00 00:00:00'),
(28, 12, 2, 'S', 2, '0000-00-00 00:00:00', '0000-00-00 00:00:00'),
(29, 13, 2, 'S', 2, '0000-00-00 00:00:00', '0000-00-00 00:00:00'),
(30, 14, 2, 'S', 2, '0000-00-00 00:00:00', '0000-00-00 00:00:00'),
(31, 15, 2, 'S', 2, '0000-00-00 00:00:00', '0000-00-00 00:00:00'),
(32, 16, 2, 'S', 2, '0000-00-00 00:00:00', '0000-00-00 00:00:00');

-- --------------------------------------------------------

--
-- Estrutura da tabela `historico`
--

CREATE TABLE `historico` (
  `id` int(10) UNSIGNED NOT NULL,
  `usuario_id` int(10) UNSIGNED NOT NULL,
  `autor` varchar(50) COLLATE utf8_unicode_ci DEFAULT NULL,
  `tipo` varchar(2) COLLATE utf8_unicode_ci NOT NULL,
  `titulo` varchar(50) COLLATE utf8_unicode_ci NOT NULL,
  `descricao` longtext COLLATE utf8_unicode_ci NOT NULL,
  `ref_id` int(10) UNSIGNED NOT NULL,
  `tenant_id` int(10) UNSIGNED NOT NULL,
  `created_at` timestamp NOT NULL DEFAULT '0000-00-00 00:00:00',
  `updated_at` timestamp NOT NULL DEFAULT '0000-00-00 00:00:00'
) ENGINE=InnoDB DEFAULT CHARSET=utf8 COLLATE=utf8_unicode_ci;

-- --------------------------------------------------------

--
-- Estrutura da tabela `importacoes`
--

CREATE TABLE `importacoes` (
  `id` int(10) UNSIGNED NOT NULL,
  `usuario_id` int(10) UNSIGNED NOT NULL,
  `tenant_id` int(10) UNSIGNED NOT NULL,
  `arquivo` varchar(100) COLLATE utf8_unicode_ci NOT NULL,
  `qtde_inserts` int(11) NOT NULL,
  `qtde_updates` int(11) NOT NULL,
  `created_at` timestamp NOT NULL DEFAULT '0000-00-00 00:00:00',
  `updated_at` timestamp NOT NULL DEFAULT '0000-00-00 00:00:00'
) ENGINE=InnoDB DEFAULT CHARSET=utf8 COLLATE=utf8_unicode_ci;

--
-- Extraindo dados da tabela `importacoes`
--

INSERT INTO `importacoes` (`id`, `usuario_id`, `tenant_id`, `arquivo`, `qtde_inserts`, `qtde_updates`, `created_at`, `updated_at`) VALUES
(1, 1, 1, 'abastecimentos.json', 26, 0, '2017-04-25 22:29:34', '2017-04-25 22:29:34'),
(2, 1, 1, 'bomba.json', 16, 0, '2017-04-25 22:29:34', '2017-04-25 22:29:34'),
(3, 1, 1, 'caixa.json', 1, 0, '2017-04-25 22:29:34', '2017-04-25 22:29:34'),
(4, 1, 1, 'dadosfaturamento.json', 529, 0, '2017-04-25 22:29:35', '2017-04-25 22:29:35'),
(5, 1, 1, 'funcionarios.json', 17, 0, '2017-04-25 22:29:35', '2017-04-25 22:29:35'),
(6, 1, 1, 'gruposproduto.json', 8, 0, '2017-04-25 22:29:35', '2017-04-25 22:29:35'),
(7, 1, 1, 'manutencaocaixa.json', 4, 0, '2017-04-25 22:29:35', '2017-04-25 22:29:35'),
(8, 1, 1, 'produtos.json', 22, 0, '2017-04-25 22:29:36', '2017-04-25 22:29:36'),
(9, 1, 1, 'tanque.json', 13, 0, '2017-04-25 22:29:36', '2017-04-25 22:29:36'),
(10, 1, 1, 'tiposproduto.json', 2, 0, '2017-04-25 22:29:36', '2017-04-25 22:29:36');

-- --------------------------------------------------------

--
-- Estrutura da tabela `manutencaocaixa`
--

CREATE TABLE `manutencaocaixa` (
  `_id` int(10) UNSIGNED NOT NULL,
  `tenant_id` int(10) UNSIGNED NOT NULL,
  `codigo` int(11) NOT NULL,
  `caixa_codigo` int(11) NOT NULL,
  `tipo` varchar(1) COLLATE utf8_unicode_ci NOT NULL,
  `documento` varchar(20) COLLATE utf8_unicode_ci NOT NULL,
  `data` date NOT NULL,
  `hora` time NOT NULL,
  `funcionario_codigo` int(11) NOT NULL,
  `descricao` varchar(50) COLLATE utf8_unicode_ci NOT NULL,
  `classificacao` varchar(2) COLLATE utf8_unicode_ci NOT NULL,
  `valor` double(15,8) NOT NULL,
  `created_at` timestamp NOT NULL DEFAULT '0000-00-00 00:00:00',
  `updated_at` timestamp NOT NULL DEFAULT '0000-00-00 00:00:00'
) ENGINE=InnoDB DEFAULT CHARSET=utf8 COLLATE=utf8_unicode_ci;

--
-- Extraindo dados da tabela `manutencaocaixa`
--

INSERT INTO `manutencaocaixa` (`_id`, `tenant_id`, `codigo`, `caixa_codigo`, `tipo`, `documento`, `data`, `hora`, `funcionario_codigo`, `descricao`, `classificacao`, `valor`, `created_at`, `updated_at`) VALUES
(1, 1, 1, 4, 'I', '021177', '2013-10-29', '11:10:00', 1, 'PAGAMENTO DE CUPONS DO CLIENTE: 000003 - PREF. MUN', 'RB', 10.00000000, '0000-00-00 00:00:00', '0000-00-00 00:00:00'),
(2, 1, 2, 4, 'I', '021260', '2013-11-06', '10:22:00', 1, 'PAGAMENTO DE CUPONS DO CLIENTE: 000002 - APARICIO ', 'RB', 18.54000000, '0000-00-00 00:00:00', '0000-00-00 00:00:00'),
(3, 1, 3, 4, 'I', '021263', '2013-11-06', '10:23:00', 1, 'PAGAMENTO DE FATURAS DO CLIENTE: 000003 - PREF. MU', 'RB', 5.00000000, '0000-00-00 00:00:00', '0000-00-00 00:00:00'),
(4, 1, 4, 4, 'I', '021267', '2013-11-06', '10:53:00', 1, 'PAGAMENTO DE CUPONS DO CLIENTE: 000003 - PREF. MUN', 'RB', 2.50000000, '0000-00-00 00:00:00', '0000-00-00 00:00:00');

-- --------------------------------------------------------

--
-- Estrutura da tabela `migrations`
--

CREATE TABLE `migrations` (
  `migration` varchar(255) COLLATE utf8_unicode_ci NOT NULL,
  `batch` int(11) NOT NULL
) ENGINE=InnoDB DEFAULT CHARSET=utf8 COLLATE=utf8_unicode_ci;

--
-- Extraindo dados da tabela `migrations`
--

INSERT INTO `migrations` (`migration`, `batch`) VALUES
('2017_03_22_200238_redes', 1),
('2017_03_22_200239_empresas', 1),
('2017_03_22_200259_modulos', 1),
('2017_03_22_200326_cor_profile', 1),
('2017_03_22_200343_funcoes', 1),
('2017_03_22_200403_grupos_acesso', 1),
('2017_03_22_200521_permissoes', 1),
('2017_03_22_200612_grupo_acesso_permissoes', 1),
('2017_03_22_200630_usuarios', 1),
('2017_03_22_200703_todolist', 1),
('2017_03_22_200734_parametros', 1),
('2017_03_23_121318_historico', 1),
('2017_03_24_124508_tipo_produto', 1),
('2017_03_24_124509_grupo_produto', 1),
('2017_03_24_124517_produtos', 1),
('2017_03_24_173830_importacoes', 1),
('2017_03_27_164455_tanques', 1),
('2017_03_27_191323_bomba', 1),
('2017_03_28_124520_abastecimentos', 1),
('2017_03_30_135310_caixa', 1),
('2017_03_31_113403_dadosfaturamento', 1),
('2017_03_31_125243_manutencaocaixa', 1),
('2017_04_24_161805_funcionarios', 1);

-- --------------------------------------------------------

--
-- Estrutura da tabela `modulos`
--

CREATE TABLE `modulos` (
  `id` int(10) UNSIGNED NOT NULL,
  `nome` varchar(50) COLLATE utf8_unicode_ci NOT NULL,
  `descricao` varchar(100) COLLATE utf8_unicode_ci NOT NULL
) ENGINE=InnoDB DEFAULT CHARSET=utf8 COLLATE=utf8_unicode_ci;

--
-- Extraindo dados da tabela `modulos`
--

INSERT INTO `modulos` (`id`, `nome`, `descricao`) VALUES
(1, 'usuarios', 'Usuários'),
(2, 'grupos_acesso', 'Grupos de Acesso'),
(3, 'produtos', 'Produtos'),
(4, 'configuracoes', 'Configurações'),
(5, 'tanques', 'Configurações'),
(6, 'bombas', 'Bombas'),
(7, 'abastecimentos', 'Abastecimentos'),
(8, 'caixas', 'Caixas'),
(9, 'multiempresa', 'MultiEmpresa');

-- --------------------------------------------------------

--
-- Estrutura da tabela `parametros`
--

CREATE TABLE `parametros` (
  `id` int(10) UNSIGNED NOT NULL,
  `qtde_dec_dinheiro` int(11) NOT NULL DEFAULT '2',
  `qtde_dec_porcento` int(11) NOT NULL DEFAULT '2',
  `estoque_baixo` int(11) NOT NULL DEFAULT '5',
  `skin` varchar(20) COLLATE utf8_unicode_ci NOT NULL DEFAULT 'blue',
  `fix_navbar` varchar(1) COLLATE utf8_unicode_ci NOT NULL DEFAULT 'S',
  `sidebar_collapse` varchar(1) COLLATE utf8_unicode_ci NOT NULL DEFAULT 'N',
  `moeda` varchar(3) COLLATE utf8_unicode_ci NOT NULL DEFAULT 'R$',
  `created_at` timestamp NOT NULL DEFAULT '0000-00-00 00:00:00',
  `updated_at` timestamp NOT NULL DEFAULT '0000-00-00 00:00:00',
  `tenant_id` int(10) UNSIGNED NOT NULL
) ENGINE=InnoDB DEFAULT CHARSET=utf8 COLLATE=utf8_unicode_ci;

--
-- Extraindo dados da tabela `parametros`
--

INSERT INTO `parametros` (`id`, `qtde_dec_dinheiro`, `qtde_dec_porcento`, `estoque_baixo`, `skin`, `fix_navbar`, `sidebar_collapse`, `moeda`, `created_at`, `updated_at`, `tenant_id`) VALUES
(1, 2, 2, 5, 'blue', 'S', 'N', 'R$', '0000-00-00 00:00:00', '0000-00-00 00:00:00', 1);

-- --------------------------------------------------------

--
-- Estrutura da tabela `permissoes`
--

CREATE TABLE `permissoes` (
  `id` int(10) UNSIGNED NOT NULL,
  `descricao` varchar(150) COLLATE utf8_unicode_ci NOT NULL,
  `nome` varchar(150) COLLATE utf8_unicode_ci NOT NULL,
  `modulo_id` int(10) UNSIGNED NOT NULL,
  `created_at` timestamp NOT NULL DEFAULT '0000-00-00 00:00:00',
  `updated_at` timestamp NOT NULL DEFAULT '0000-00-00 00:00:00'
) ENGINE=InnoDB DEFAULT CHARSET=utf8 COLLATE=utf8_unicode_ci;

--
-- Extraindo dados da tabela `permissoes`
--

INSERT INTO `permissoes` (`id`, `descricao`, `nome`, `modulo_id`, `created_at`, `updated_at`) VALUES
(1, 'Ver', 'get', 1, '0000-00-00 00:00:00', '0000-00-00 00:00:00'),
(2, 'Cadastrar', 'post', 1, '0000-00-00 00:00:00', '0000-00-00 00:00:00'),
(3, 'Excluir', 'delete', 1, '0000-00-00 00:00:00', '0000-00-00 00:00:00'),
(4, 'Alterar', 'PUT', 1, '0000-00-00 00:00:00', '0000-00-00 00:00:00'),
(5, 'Ver', 'get', 2, '0000-00-00 00:00:00', '0000-00-00 00:00:00'),
(6, 'Cadastrar', 'post', 2, '0000-00-00 00:00:00', '0000-00-00 00:00:00'),
(7, 'Excluir', 'delete', 2, '0000-00-00 00:00:00', '0000-00-00 00:00:00'),
(8, 'Alterar', 'PUT', 2, '0000-00-00 00:00:00', '0000-00-00 00:00:00'),
(9, 'Ver', 'get', 3, '0000-00-00 00:00:00', '0000-00-00 00:00:00'),
(10, 'Ver', 'get', 4, '0000-00-00 00:00:00', '0000-00-00 00:00:00'),
(11, 'Ver', 'get', 5, '0000-00-00 00:00:00', '0000-00-00 00:00:00'),
(12, 'Ver', 'get', 6, '0000-00-00 00:00:00', '0000-00-00 00:00:00'),
(13, 'Ver', 'get', 7, '0000-00-00 00:00:00', '0000-00-00 00:00:00'),
(14, 'Ver', 'get', 8, '0000-00-00 00:00:00', '0000-00-00 00:00:00'),
(15, 'Ver', 'get', 9, '0000-00-00 00:00:00', '0000-00-00 00:00:00'),
(16, 'Alterar', 'PUT', 9, '0000-00-00 00:00:00', '0000-00-00 00:00:00');

-- --------------------------------------------------------

--
-- Estrutura da tabela `produtos`
--

CREATE TABLE `produtos` (
  `_id` int(10) UNSIGNED NOT NULL,
  `tenant_id` int(10) UNSIGNED NOT NULL,
  `codigo` int(11) NOT NULL,
  `codigobarras` varchar(20) COLLATE utf8_unicode_ci DEFAULT NULL,
  `descricao` varchar(100) COLLATE utf8_unicode_ci NOT NULL,
  `nome` varchar(100) COLLATE utf8_unicode_ci NOT NULL,
  `unidade` varchar(6) COLLATE utf8_unicode_ci NOT NULL,
  `unidadeentrada` varchar(6) COLLATE utf8_unicode_ci NOT NULL,
  `tipoproduto` varchar(1) COLLATE utf8_unicode_ci NOT NULL,
  `cst_entrada` varchar(6) COLLATE utf8_unicode_ci NOT NULL,
  `cst_saida` varchar(6) COLLATE utf8_unicode_ci NOT NULL,
  `estoque` double(15,8) NOT NULL,
  `precovenda` double(15,8) NOT NULL,
  `custoatual` double(15,8) NOT NULL,
  `grupoproduto_codigo` int(11) NOT NULL,
  `tipoproduto_codigo` int(11) NOT NULL,
  `ncm` varchar(8) COLLATE utf8_unicode_ci NOT NULL,
  `anp` varchar(30) COLLATE utf8_unicode_ci NOT NULL,
  `cest` varchar(30) COLLATE utf8_unicode_ci NOT NULL,
  `ultimavenda` date DEFAULT NULL,
  `created_at` timestamp NOT NULL DEFAULT '0000-00-00 00:00:00',
  `updated_at` timestamp NOT NULL DEFAULT '0000-00-00 00:00:00'
) ENGINE=InnoDB DEFAULT CHARSET=utf8 COLLATE=utf8_unicode_ci;

--
-- Extraindo dados da tabela `produtos`
--

INSERT INTO `produtos` (`_id`, `tenant_id`, `codigo`, `codigobarras`, `descricao`, `nome`, `unidade`, `unidadeentrada`, `tipoproduto`, `cst_entrada`, `cst_saida`, `estoque`, `precovenda`, `custoatual`, `grupoproduto_codigo`, `tipoproduto_codigo`, `ncm`, `anp`, `cest`, `ultimavenda`, `created_at`, `updated_at`) VALUES
(1, 1, 1, NULL, 'GASOLINA COMUM', 'GASOLINA COMUM', 'L', 'L', 'C', '060 ', '060 ', 19088.40400000, 0.00000000, 1.00000000, 1, 1, '22072011', '320102001', '', NULL, '0000-00-00 00:00:00', '0000-00-00 00:00:00'),
(2, 1, 2, NULL, 'ETANOL HIDRATADO COMBUSTIVEL', 'ETANOL HIDRATADO COMBUSTIVEL', 'L', 'L', 'C', '010 ', '010 ', 11110.96800000, 0.00000000, 0.00000000, 1, 1, '22072010', '810101001', '', NULL, '0000-00-00 00:00:00', '0000-00-00 00:00:00'),
(3, 1, 3, '7896261402652', 'PRODUTO ICMS 7 060 10 R', 'PRODUTO ICMS 7 10 R', 'UN', 'UN', 'P', '060 ', '060 ', -7896.78700000, 0.00000000, 0.00000000, 3, 1, '22072011', '', '', NULL, '0000-00-00 00:00:00', '0000-00-00 00:00:00'),
(4, 1, 4, NULL, 'PRODUTO ICMS 7 060 35 R', 'PRODUTO ICMS 7 35 R', 'UN', 'UN', 'P', '060 ', '060 ', 18766.05800000, 0.00000000, 0.00000000, 3, 1, '22072011', '', '', NULL, '0000-00-00 00:00:00', '0000-00-00 00:00:00'),
(5, 1, 5, NULL, 'SERVICO ISS 5 040 1200 R', 'PRODUTO ISS 5 040 1200 R', 'UN', 'UN', 'S', '040 ', '040 ', 9973.00000000, 0.00000000, 0.00000000, 15, 1, '22072011', '', '', NULL, '0000-00-00 00:00:00', '0000-00-00 00:00:00'),
(6, 1, 6, NULL, 'PRODUTO ICMS 12 060 120 R', 'PRODUTO ICMS 12 060 120 R', 'UN', 'UN', 'P', '060 ', '0500 ', 9965.00000000, 0.00000000, 0.00000000, 3, 1, '22072011', '', '', NULL, '0000-00-00 00:00:00', '0000-00-00 00:00:00'),
(7, 1, 7, NULL, 'PRODUTO ICMS 12 060 30 R', 'PRODUTO ICMS 12 060 30 R', 'UN', 'UN', 'P', '060 ', '060 ', 9982.00000000, 0.00000000, 15.00000000, 3, 1, '22072011', '', '', NULL, '0000-00-00 00:00:00', '0000-00-00 00:00:00'),
(8, 1, 8, NULL, 'DIESEL COMUM', 'DIESEL COMUM', 'L', 'L', 'C', '060 ', '060 ', 19493.74500000, 0.00000000, 2.39500000, 1, 1, '27101921', '820101015', '', NULL, '0000-00-00 00:00:00', '0000-00-00 00:00:00'),
(9, 1, 9, NULL, 'GASOLINA ADTIVADA', 'GASOLINA ADITIVADA', 'LT', 'LT', 'C', '060 ', '060 ', -1435.33500000, 0.00000000, 0.00000000, 1, 1, '27101259', '320102002', '', NULL, '0000-00-00 00:00:00', '0000-00-00 00:00:00'),
(10, 1, 10, NULL, 'GASOLINA AVIACAO', 'GASOLINA AVIACAO', 'LT', 'LT', 'C', '060 ', '060 ', -1113.64800000, 0.00000000, 0.00000000, 1, 1, '27101251', '320201001', '', NULL, '0000-00-00 00:00:00', '0000-00-00 00:00:00'),
(11, 1, 11, NULL, 'GASOLINA PODIUM A', 'GASOLINA PODIUM A', 'LT', 'LT', 'C', '060 ', '060 ', -1128.39700000, 0.00000000, 0.00000000, 1, 1, '22072011', '320101002', '', NULL, '0000-00-00 00:00:00', '0000-00-00 00:00:00'),
(12, 1, 12, NULL, 'OLEO DIESEL MARITIMO', 'OLEO DIESEL MARITIMO', 'LT', 'LT', 'C', '060 ', '060 ', -389.08800000, 0.00000000, 0.00000000, 1, 1, '27101929', '820101018', '', NULL, '0000-00-00 00:00:00', '0000-00-00 00:00:00'),
(13, 1, 13, NULL, 'OLEO DIESEL S10', 'OLEO DIESEL S10', 'LT', 'LT', 'C', '060 ', '060 ', -388.95300000, 0.00000000, 0.00000000, 1, 1, '27101929', '820101004', '', NULL, '0000-00-00 00:00:00', '0000-00-00 00:00:00'),
(14, 1, 14, NULL, 'GASOLINA PODIUM C', 'GASOLINA PODIUM C', 'LT', 'LT', 'C', '060 ', '060 ', -567.06200000, 0.00000000, 0.00000000, 1, 1, '22072011', '320102003', '', NULL, '0000-00-00 00:00:00', '0000-00-00 00:00:00'),
(15, 1, 15, NULL, 'GASOLINA PREMIUM A', 'GASOLINA PREMIUM A', 'LT', 'LT', 'C', '060 ', '060 ', -555.75500000, 0.00000000, 0.00000000, 1, 1, '22072011', '320101002', '', NULL, '0000-00-00 00:00:00', '0000-00-00 00:00:00'),
(16, 1, 16, NULL, 'GASOLINA PREMIUM C', 'GASOLINA PREMIUM C', 'LT', 'LT', 'C', '060 ', '060 ', -399.23000000, 0.00000000, 0.00000000, 1, 1, '22072011', '320102003', '', NULL, '0000-00-00 00:00:00', '0000-00-00 00:00:00'),
(17, 1, 17, NULL, 'GLP', 'GLP', 'LT', 'LT', 'C', '060 ', '060 ', -396.62900000, 0.00000000, 0.00000000, 1, 1, '27111910', '210203001', '', NULL, '0000-00-00 00:00:00', '0000-00-00 00:00:00'),
(18, 1, 18, NULL, 'GAS NATURAL', 'GAS NATURAL', 'MTC', 'MTC', 'C', '060 ', '060 ', -394.15700000, 0.00000000, 0.00000000, 1, 1, '27112100', '220101005', '', NULL, '0000-00-00 00:00:00', '0000-00-00 00:00:00'),
(19, 1, 19, NULL, 'TESTE', 'TESTE', 'UN', 'UN', 'P', '060 ', '060 ', 0.00000000, 0.00000000, 0.00000000, 1, 1, '1234567', '', '', NULL, '0000-00-00 00:00:00', '0000-00-00 00:00:00'),
(20, 1, 20, NULL, 'PRODUTO ICMS 18 000 120 R', 'PRODUTO ICMS 18 000 120 R', 'UN', 'UN', 'P', '000 ', '000 ', -7.00000000, 0.00000000, 0.00000000, 16, 1, '22072011', '', '', NULL, '0000-00-00 00:00:00', '0000-00-00 00:00:00'),
(21, 1, 21, NULL, 'PRODUTO ICMS 18 000 30 R', 'PRODUTO ICMS 18 000 30 R', 'UN', 'UN', 'P', '000 ', '000 ', -8.00000000, 0.00000000, 0.00000000, 16, 1, '22072011', '', '', NULL, '0000-00-00 00:00:00', '0000-00-00 00:00:00'),
(22, 1, 22, NULL, 'LUBRAX ARLA 20LT', 'LUBRAX ARLA 20LT', 'LT', 'LT', 'P', '000 ', '000 ', -8.00000000, 0.00000000, 0.00000000, 2, 1, '31021090', '', '2514369', NULL, '0000-00-00 00:00:00', '0000-00-00 00:00:00');

-- --------------------------------------------------------

--
-- Estrutura da tabela `redes`
--

CREATE TABLE `redes` (
  `id` int(10) UNSIGNED NOT NULL,
  `razao` varchar(50) COLLATE utf8_unicode_ci NOT NULL,
  `nome` varchar(50) COLLATE utf8_unicode_ci NOT NULL,
  `created_at` timestamp NOT NULL DEFAULT '0000-00-00 00:00:00',
  `updated_at` timestamp NOT NULL DEFAULT '0000-00-00 00:00:00'
) ENGINE=InnoDB DEFAULT CHARSET=utf8 COLLATE=utf8_unicode_ci;

--
-- Extraindo dados da tabela `redes`
--

INSERT INTO `redes` (`id`, `razao`, `nome`, `created_at`, `updated_at`) VALUES
(1, 'Rede padrão', 'Rede padrão', '0000-00-00 00:00:00', '0000-00-00 00:00:00'),
(2, 'Rede padrão', 'Rede padrão', '0000-00-00 00:00:00', '0000-00-00 00:00:00'),
(3, 'Rede padrão', 'Rede padrão', '0000-00-00 00:00:00', '0000-00-00 00:00:00'),
(4, 'Rede padrão', 'Rede padrão', '0000-00-00 00:00:00', '0000-00-00 00:00:00'),
(5, 'Rede padrão', 'Rede padrão', '0000-00-00 00:00:00', '0000-00-00 00:00:00'),
(6, 'Rede padrão', 'Rede padrão', '0000-00-00 00:00:00', '0000-00-00 00:00:00'),
(7, 'Rede padrão', 'Rede padrão', '0000-00-00 00:00:00', '0000-00-00 00:00:00');

-- --------------------------------------------------------

--
-- Estrutura da tabela `tanque`
--

CREATE TABLE `tanque` (
  `id` int(10) UNSIGNED NOT NULL,
  `tenant_id` int(10) UNSIGNED NOT NULL,
  `codigo` int(11) NOT NULL,
  `numero` int(11) NOT NULL,
  `capacidade` double(15,8) NOT NULL,
  `volumeatual` double(15,8) NOT NULL,
  `produto_codigo` int(10) UNSIGNED NOT NULL,
  `created_at` timestamp NOT NULL DEFAULT '0000-00-00 00:00:00',
  `updated_at` timestamp NOT NULL DEFAULT '0000-00-00 00:00:00'
) ENGINE=InnoDB DEFAULT CHARSET=utf8 COLLATE=utf8_unicode_ci;

--
-- Extraindo dados da tabela `tanque`
--

INSERT INTO `tanque` (`id`, `tenant_id`, `codigo`, `numero`, `capacidade`, `volumeatual`, `produto_codigo`, `created_at`, `updated_at`) VALUES
(1, 1, 1, 1, 10000.00000000, 34566.73400000, 1, '0000-00-00 00:00:00', '0000-00-00 00:00:00'),
(2, 1, 2, 2, 10000.00000000, 3891.72400000, 2, '0000-00-00 00:00:00', '0000-00-00 00:00:00'),
(3, 1, 3, 3, 10000.00000000, 4341.64500000, 8, '0000-00-00 00:00:00', '0000-00-00 00:00:00'),
(4, 1, 4, 4, 15000.00000000, -1603.03500000, 9, '0000-00-00 00:00:00', '0000-00-00 00:00:00'),
(5, 1, 5, 5, 15000.00000000, -1291.09800000, 10, '0000-00-00 00:00:00', '0000-00-00 00:00:00'),
(6, 1, 6, 6, 15000.00000000, -1296.09700000, 11, '0000-00-00 00:00:00', '0000-00-00 00:00:00'),
(7, 1, 7, 7, 15000.00000000, -567.06200000, 14, '0000-00-00 00:00:00', '0000-00-00 00:00:00'),
(8, 1, 8, 8, 15000.00000000, -555.75500000, 15, '0000-00-00 00:00:00', '0000-00-00 00:00:00'),
(9, 1, 9, 9, 15000.00000000, -399.23000000, 16, '0000-00-00 00:00:00', '0000-00-00 00:00:00'),
(10, 1, 10, 10, 15000.00000000, -396.62900000, 17, '0000-00-00 00:00:00', '0000-00-00 00:00:00'),
(11, 1, 11, 11, 15000.00000000, -394.15700000, 18, '0000-00-00 00:00:00', '0000-00-00 00:00:00'),
(12, 1, 12, 12, 15000.00000000, -388.95300000, 13, '0000-00-00 00:00:00', '0000-00-00 00:00:00'),
(13, 1, 13, 13, 15000.00000000, -389.08800000, 12, '0000-00-00 00:00:00', '0000-00-00 00:00:00');

-- --------------------------------------------------------

--
-- Estrutura da tabela `tenant`
--

CREATE TABLE `tenant` (
  `id` int(10) UNSIGNED NOT NULL,
  `rede_id` int(10) UNSIGNED NOT NULL,
  `razao` varchar(50) COLLATE utf8_unicode_ci NOT NULL,
  `nome` varchar(50) COLLATE utf8_unicode_ci NOT NULL,
  `created_at` timestamp NOT NULL DEFAULT '0000-00-00 00:00:00',
  `updated_at` timestamp NOT NULL DEFAULT '0000-00-00 00:00:00'
) ENGINE=InnoDB DEFAULT CHARSET=utf8 COLLATE=utf8_unicode_ci;

--
-- Extraindo dados da tabela `tenant`
--

INSERT INTO `tenant` (`id`, `rede_id`, `razao`, `nome`, `created_at`, `updated_at`) VALUES
(1, 1, 'Empresa Teste 1', 'Empresa Teste 1', '0000-00-00 00:00:00', '0000-00-00 00:00:00'),
(2, 1, 'Empresa Teste 2', 'Empresa Teste 2', '0000-00-00 00:00:00', '0000-00-00 00:00:00');

-- --------------------------------------------------------

--
-- Estrutura da tabela `tiposprodutos`
--

CREATE TABLE `tiposprodutos` (
  `_id` int(10) UNSIGNED NOT NULL,
  `tenant_id` int(10) UNSIGNED NOT NULL,
  `codigo` int(11) NOT NULL,
  `descricao` varchar(50) COLLATE utf8_unicode_ci NOT NULL,
  `created_at` timestamp NOT NULL DEFAULT '0000-00-00 00:00:00',
  `updated_at` timestamp NOT NULL DEFAULT '0000-00-00 00:00:00'
) ENGINE=InnoDB DEFAULT CHARSET=utf8 COLLATE=utf8_unicode_ci;

--
-- Extraindo dados da tabela `tiposprodutos`
--

INSERT INTO `tiposprodutos` (`_id`, `tenant_id`, `codigo`, `descricao`, `created_at`, `updated_at`) VALUES
(1, 1, 1, 'PRODUTOS PARA VENDAS', '0000-00-00 00:00:00', '0000-00-00 00:00:00'),
(2, 1, 2, 'PRODUTOS PARA CONSUMO INTERNO', '0000-00-00 00:00:00', '0000-00-00 00:00:00');

-- --------------------------------------------------------

--
-- Estrutura da tabela `todolist`
--

CREATE TABLE `todolist` (
  `id` int(10) UNSIGNED NOT NULL,
  `usuario_id` int(10) UNSIGNED NOT NULL,
  `descricao` varchar(50) COLLATE utf8_unicode_ci NOT NULL,
  `checked` varchar(1) COLLATE utf8_unicode_ci NOT NULL DEFAULT 'N',
  `created_at` timestamp NOT NULL DEFAULT '0000-00-00 00:00:00',
  `updated_at` timestamp NOT NULL DEFAULT '0000-00-00 00:00:00',
  `tenant_id` int(10) UNSIGNED NOT NULL
) ENGINE=InnoDB DEFAULT CHARSET=utf8 COLLATE=utf8_unicode_ci;

-- --------------------------------------------------------

--
-- Estrutura da tabela `usuarios`
--

CREATE TABLE `usuarios` (
  `id` int(10) UNSIGNED NOT NULL,
  `nome` varchar(150) COLLATE utf8_unicode_ci NOT NULL,
  `sobrenome` varchar(200) COLLATE utf8_unicode_ci DEFAULT NULL,
  `senha` varchar(250) COLLATE utf8_unicode_ci NOT NULL,
  `sexo` varchar(1) COLLATE utf8_unicode_ci NOT NULL DEFAULT 'M',
  `email` varchar(250) COLLATE utf8_unicode_ci NOT NULL,
  `timezone` varchar(200) COLLATE utf8_unicode_ci NOT NULL DEFAULT 'America/Sao_Paulo',
  `apelido` varchar(100) COLLATE utf8_unicode_ci DEFAULT NULL,
  `reset_token` varchar(100) COLLATE utf8_unicode_ci DEFAULT NULL,
  `dt_nascimento` date NOT NULL,
  `funcao_id` int(10) UNSIGNED NOT NULL,
  `cor_profile_id` int(10) UNSIGNED NOT NULL,
  `grupo_acesso_id` int(10) UNSIGNED NOT NULL,
  `ativo` varchar(1) COLLATE utf8_unicode_ci NOT NULL DEFAULT 'S',
  `remember_token` varchar(100) COLLATE utf8_unicode_ci DEFAULT NULL,
  `created_at` timestamp NOT NULL DEFAULT '0000-00-00 00:00:00',
  `updated_at` timestamp NOT NULL DEFAULT '0000-00-00 00:00:00',
  `tenant_id` int(10) UNSIGNED NOT NULL,
  `tenant_selecionados` varchar(100) COLLATE utf8_unicode_ci NOT NULL,
  `multi_tenant` varchar(1) COLLATE utf8_unicode_ci NOT NULL DEFAULT 'N'
) ENGINE=InnoDB DEFAULT CHARSET=utf8 COLLATE=utf8_unicode_ci;

--
-- Extraindo dados da tabela `usuarios`
--

INSERT INTO `usuarios` (`id`, `nome`, `sobrenome`, `senha`, `sexo`, `email`, `timezone`, `apelido`, `reset_token`, `dt_nascimento`, `funcao_id`, `cor_profile_id`, `grupo_acesso_id`, `ativo`, `remember_token`, `created_at`, `updated_at`, `tenant_id`, `tenant_selecionados`, `multi_tenant`) VALUES
(1, 'Administrador', NULL, '21232f297a57a5a743894a0e4a801fc3', 'M', 'vinicius@alive.inf.br', 'America/Sao_Paulo', NULL, NULL, '1992-04-08', 1, 1, 1, 'S', NULL, '0000-00-00 00:00:00', '2017-04-25 22:30:31', 1, '1', 'N');

--
-- Indexes for dumped tables
--

--
-- Indexes for table `abastecimentos`
--
ALTER TABLE `abastecimentos`
  ADD PRIMARY KEY (`_id`),
  ADD KEY `abastecimentos_tenant_id_foreign` (`tenant_id`);

--
-- Indexes for table `bomba`
--
ALTER TABLE `bomba`
  ADD PRIMARY KEY (`id`),
  ADD KEY `bomba_tenant_id_foreign` (`tenant_id`);

--
-- Indexes for table `caixa`
--
ALTER TABLE `caixa`
  ADD PRIMARY KEY (`_id`),
  ADD KEY `caixa_tenant_id_foreign` (`tenant_id`);

--
-- Indexes for table `cor_profile`
--
ALTER TABLE `cor_profile`
  ADD PRIMARY KEY (`id`);

--
-- Indexes for table `dadosfaturamento`
--
ALTER TABLE `dadosfaturamento`
  ADD PRIMARY KEY (`_id`),
  ADD KEY `dadosfaturamento_tenant_id_foreign` (`tenant_id`);

--
-- Indexes for table `funcionarios`
--
ALTER TABLE `funcionarios`
  ADD PRIMARY KEY (`_id`),
  ADD KEY `funcionarios_tenant_id_foreign` (`tenant_id`);

--
-- Indexes for table `funcoes`
--
ALTER TABLE `funcoes`
  ADD PRIMARY KEY (`id`),
  ADD KEY `funcoes_tenant_id_foreign` (`tenant_id`);

--
-- Indexes for table `gruposprodutos`
--
ALTER TABLE `gruposprodutos`
  ADD PRIMARY KEY (`_id`),
  ADD KEY `gruposprodutos_tenant_id_foreign` (`tenant_id`);

--
-- Indexes for table `grupos_acesso`
--
ALTER TABLE `grupos_acesso`
  ADD PRIMARY KEY (`id`),
  ADD KEY `grupos_acesso_tenant_id_foreign` (`tenant_id`);

--
-- Indexes for table `grupo_acesso_permissoes`
--
ALTER TABLE `grupo_acesso_permissoes`
  ADD PRIMARY KEY (`id`),
  ADD KEY `grupo_acesso_permissoes_permissao_id_foreign` (`permissao_id`),
  ADD KEY `grupo_acesso_permissoes_grupo_acesso_id_foreign` (`grupo_acesso_id`),
  ADD KEY `grupo_acesso_permissoes_tenant_id_foreign` (`tenant_id`);

--
-- Indexes for table `historico`
--
ALTER TABLE `historico`
  ADD PRIMARY KEY (`id`),
  ADD KEY `historico_usuario_id_foreign` (`usuario_id`),
  ADD KEY `historico_tenant_id_foreign` (`tenant_id`);

--
-- Indexes for table `importacoes`
--
ALTER TABLE `importacoes`
  ADD PRIMARY KEY (`id`),
  ADD KEY `importacoes_usuario_id_foreign` (`usuario_id`),
  ADD KEY `importacoes_tenant_id_foreign` (`tenant_id`);

--
-- Indexes for table `manutencaocaixa`
--
ALTER TABLE `manutencaocaixa`
  ADD PRIMARY KEY (`_id`),
  ADD KEY `manutencaocaixa_tenant_id_foreign` (`tenant_id`);

--
-- Indexes for table `modulos`
--
ALTER TABLE `modulos`
  ADD PRIMARY KEY (`id`),
  ADD UNIQUE KEY `modulos_nome_unique` (`nome`);

--
-- Indexes for table `parametros`
--
ALTER TABLE `parametros`
  ADD PRIMARY KEY (`id`),
  ADD KEY `parametros_tenant_id_foreign` (`tenant_id`);

--
-- Indexes for table `permissoes`
--
ALTER TABLE `permissoes`
  ADD PRIMARY KEY (`id`),
  ADD KEY `permissoes_modulo_id_foreign` (`modulo_id`);

--
-- Indexes for table `produtos`
--
ALTER TABLE `produtos`
  ADD PRIMARY KEY (`_id`),
  ADD KEY `produtos_tenant_id_foreign` (`tenant_id`);

--
-- Indexes for table `redes`
--
ALTER TABLE `redes`
  ADD PRIMARY KEY (`id`);

--
-- Indexes for table `tanque`
--
ALTER TABLE `tanque`
  ADD PRIMARY KEY (`id`),
  ADD KEY `tanque_tenant_id_foreign` (`tenant_id`);

--
-- Indexes for table `tenant`
--
ALTER TABLE `tenant`
  ADD PRIMARY KEY (`id`),
  ADD KEY `tenant_rede_id_foreign` (`rede_id`);

--
-- Indexes for table `tiposprodutos`
--
ALTER TABLE `tiposprodutos`
  ADD PRIMARY KEY (`_id`),
  ADD KEY `tiposprodutos_tenant_id_foreign` (`tenant_id`);

--
-- Indexes for table `todolist`
--
ALTER TABLE `todolist`
  ADD PRIMARY KEY (`id`),
  ADD KEY `todolist_usuario_id_foreign` (`usuario_id`),
  ADD KEY `todolist_tenant_id_foreign` (`tenant_id`);

--
-- Indexes for table `usuarios`
--
ALTER TABLE `usuarios`
  ADD PRIMARY KEY (`id`),
  ADD UNIQUE KEY `usuarios_email_unique` (`email`),
  ADD KEY `usuarios_funcao_id_foreign` (`funcao_id`),
  ADD KEY `usuarios_cor_profile_id_foreign` (`cor_profile_id`),
  ADD KEY `usuarios_grupo_acesso_id_foreign` (`grupo_acesso_id`),
  ADD KEY `usuarios_tenant_id_foreign` (`tenant_id`);

--
-- AUTO_INCREMENT for dumped tables
--

--
-- AUTO_INCREMENT for table `abastecimentos`
--
ALTER TABLE `abastecimentos`
  MODIFY `_id` int(10) UNSIGNED NOT NULL AUTO_INCREMENT, AUTO_INCREMENT=27;
--
-- AUTO_INCREMENT for table `bomba`
--
ALTER TABLE `bomba`
  MODIFY `id` int(10) UNSIGNED NOT NULL AUTO_INCREMENT, AUTO_INCREMENT=17;
--
-- AUTO_INCREMENT for table `caixa`
--
ALTER TABLE `caixa`
  MODIFY `_id` int(10) UNSIGNED NOT NULL AUTO_INCREMENT, AUTO_INCREMENT=2;
--
-- AUTO_INCREMENT for table `cor_profile`
--
ALTER TABLE `cor_profile`
  MODIFY `id` int(10) UNSIGNED NOT NULL AUTO_INCREMENT, AUTO_INCREMENT=49;
--
-- AUTO_INCREMENT for table `dadosfaturamento`
--
ALTER TABLE `dadosfaturamento`
  MODIFY `_id` int(10) UNSIGNED NOT NULL AUTO_INCREMENT, AUTO_INCREMENT=530;
--
-- AUTO_INCREMENT for table `funcionarios`
--
ALTER TABLE `funcionarios`
  MODIFY `_id` int(10) UNSIGNED NOT NULL AUTO_INCREMENT, AUTO_INCREMENT=18;
--
-- AUTO_INCREMENT for table `funcoes`
--
ALTER TABLE `funcoes`
  MODIFY `id` int(10) UNSIGNED NOT NULL AUTO_INCREMENT, AUTO_INCREMENT=2;
--
-- AUTO_INCREMENT for table `gruposprodutos`
--
ALTER TABLE `gruposprodutos`
  MODIFY `_id` int(10) UNSIGNED NOT NULL AUTO_INCREMENT, AUTO_INCREMENT=9;
--
-- AUTO_INCREMENT for table `grupos_acesso`
--
ALTER TABLE `grupos_acesso`
  MODIFY `id` int(10) UNSIGNED NOT NULL AUTO_INCREMENT, AUTO_INCREMENT=3;
--
-- AUTO_INCREMENT for table `grupo_acesso_permissoes`
--
ALTER TABLE `grupo_acesso_permissoes`
  MODIFY `id` int(10) UNSIGNED NOT NULL AUTO_INCREMENT, AUTO_INCREMENT=33;
--
-- AUTO_INCREMENT for table `historico`
--
ALTER TABLE `historico`
  MODIFY `id` int(10) UNSIGNED NOT NULL AUTO_INCREMENT;
--
-- AUTO_INCREMENT for table `importacoes`
--
ALTER TABLE `importacoes`
  MODIFY `id` int(10) UNSIGNED NOT NULL AUTO_INCREMENT, AUTO_INCREMENT=11;
--
-- AUTO_INCREMENT for table `manutencaocaixa`
--
ALTER TABLE `manutencaocaixa`
  MODIFY `_id` int(10) UNSIGNED NOT NULL AUTO_INCREMENT, AUTO_INCREMENT=5;
--
-- AUTO_INCREMENT for table `modulos`
--
ALTER TABLE `modulos`
  MODIFY `id` int(10) UNSIGNED NOT NULL AUTO_INCREMENT, AUTO_INCREMENT=10;
--
-- AUTO_INCREMENT for table `parametros`
--
ALTER TABLE `parametros`
  MODIFY `id` int(10) UNSIGNED NOT NULL AUTO_INCREMENT, AUTO_INCREMENT=2;
--
-- AUTO_INCREMENT for table `permissoes`
--
ALTER TABLE `permissoes`
  MODIFY `id` int(10) UNSIGNED NOT NULL AUTO_INCREMENT, AUTO_INCREMENT=17;
--
-- AUTO_INCREMENT for table `produtos`
--
ALTER TABLE `produtos`
  MODIFY `_id` int(10) UNSIGNED NOT NULL AUTO_INCREMENT, AUTO_INCREMENT=23;
--
-- AUTO_INCREMENT for table `redes`
--
ALTER TABLE `redes`
  MODIFY `id` int(10) UNSIGNED NOT NULL AUTO_INCREMENT, AUTO_INCREMENT=8;
--
-- AUTO_INCREMENT for table `tanque`
--
ALTER TABLE `tanque`
  MODIFY `id` int(10) UNSIGNED NOT NULL AUTO_INCREMENT, AUTO_INCREMENT=14;
--
-- AUTO_INCREMENT for table `tenant`
--
ALTER TABLE `tenant`
  MODIFY `id` int(10) UNSIGNED NOT NULL AUTO_INCREMENT, AUTO_INCREMENT=3;
--
-- AUTO_INCREMENT for table `tiposprodutos`
--
ALTER TABLE `tiposprodutos`
  MODIFY `_id` int(10) UNSIGNED NOT NULL AUTO_INCREMENT, AUTO_INCREMENT=3;
--
-- AUTO_INCREMENT for table `todolist`
--
ALTER TABLE `todolist`
  MODIFY `id` int(10) UNSIGNED NOT NULL AUTO_INCREMENT;
--
-- AUTO_INCREMENT for table `usuarios`
--
ALTER TABLE `usuarios`
  MODIFY `id` int(10) UNSIGNED NOT NULL AUTO_INCREMENT, AUTO_INCREMENT=2;
--
-- Constraints for dumped tables
--

--
-- Limitadores para a tabela `abastecimentos`
--
ALTER TABLE `abastecimentos`
  ADD CONSTRAINT `abastecimentos_tenant_id_foreign` FOREIGN KEY (`tenant_id`) REFERENCES `tenant` (`id`);

--
-- Limitadores para a tabela `bomba`
--
ALTER TABLE `bomba`
  ADD CONSTRAINT `bomba_tenant_id_foreign` FOREIGN KEY (`tenant_id`) REFERENCES `tenant` (`id`);

--
-- Limitadores para a tabela `caixa`
--
ALTER TABLE `caixa`
  ADD CONSTRAINT `caixa_tenant_id_foreign` FOREIGN KEY (`tenant_id`) REFERENCES `tenant` (`id`);

--
-- Limitadores para a tabela `dadosfaturamento`
--
ALTER TABLE `dadosfaturamento`
  ADD CONSTRAINT `dadosfaturamento_tenant_id_foreign` FOREIGN KEY (`tenant_id`) REFERENCES `tenant` (`id`);

--
-- Limitadores para a tabela `funcionarios`
--
ALTER TABLE `funcionarios`
  ADD CONSTRAINT `funcionarios_tenant_id_foreign` FOREIGN KEY (`tenant_id`) REFERENCES `tenant` (`id`);

--
-- Limitadores para a tabela `funcoes`
--
ALTER TABLE `funcoes`
  ADD CONSTRAINT `funcoes_tenant_id_foreign` FOREIGN KEY (`tenant_id`) REFERENCES `tenant` (`id`);

--
-- Limitadores para a tabela `gruposprodutos`
--
ALTER TABLE `gruposprodutos`
  ADD CONSTRAINT `gruposprodutos_tenant_id_foreign` FOREIGN KEY (`tenant_id`) REFERENCES `tenant` (`id`);

--
-- Limitadores para a tabela `grupos_acesso`
--
ALTER TABLE `grupos_acesso`
  ADD CONSTRAINT `grupos_acesso_tenant_id_foreign` FOREIGN KEY (`tenant_id`) REFERENCES `tenant` (`id`);

--
-- Limitadores para a tabela `grupo_acesso_permissoes`
--
ALTER TABLE `grupo_acesso_permissoes`
  ADD CONSTRAINT `grupo_acesso_permissoes_grupo_acesso_id_foreign` FOREIGN KEY (`grupo_acesso_id`) REFERENCES `grupos_acesso` (`id`),
  ADD CONSTRAINT `grupo_acesso_permissoes_permissao_id_foreign` FOREIGN KEY (`permissao_id`) REFERENCES `permissoes` (`id`),
  ADD CONSTRAINT `grupo_acesso_permissoes_tenant_id_foreign` FOREIGN KEY (`tenant_id`) REFERENCES `tenant` (`id`);

--
-- Limitadores para a tabela `historico`
--
ALTER TABLE `historico`
  ADD CONSTRAINT `historico_tenant_id_foreign` FOREIGN KEY (`tenant_id`) REFERENCES `tenant` (`id`),
  ADD CONSTRAINT `historico_usuario_id_foreign` FOREIGN KEY (`usuario_id`) REFERENCES `usuarios` (`id`);

--
-- Limitadores para a tabela `importacoes`
--
ALTER TABLE `importacoes`
  ADD CONSTRAINT `importacoes_tenant_id_foreign` FOREIGN KEY (`tenant_id`) REFERENCES `tenant` (`id`),
  ADD CONSTRAINT `importacoes_usuario_id_foreign` FOREIGN KEY (`usuario_id`) REFERENCES `usuarios` (`id`);

--
-- Limitadores para a tabela `manutencaocaixa`
--
ALTER TABLE `manutencaocaixa`
  ADD CONSTRAINT `manutencaocaixa_tenant_id_foreign` FOREIGN KEY (`tenant_id`) REFERENCES `tenant` (`id`);

--
-- Limitadores para a tabela `parametros`
--
ALTER TABLE `parametros`
  ADD CONSTRAINT `parametros_tenant_id_foreign` FOREIGN KEY (`tenant_id`) REFERENCES `tenant` (`id`);

--
-- Limitadores para a tabela `permissoes`
--
ALTER TABLE `permissoes`
  ADD CONSTRAINT `permissoes_modulo_id_foreign` FOREIGN KEY (`modulo_id`) REFERENCES `modulos` (`id`);

--
-- Limitadores para a tabela `produtos`
--
ALTER TABLE `produtos`
  ADD CONSTRAINT `produtos_tenant_id_foreign` FOREIGN KEY (`tenant_id`) REFERENCES `tenant` (`id`);

--
-- Limitadores para a tabela `tanque`
--
ALTER TABLE `tanque`
  ADD CONSTRAINT `tanque_tenant_id_foreign` FOREIGN KEY (`tenant_id`) REFERENCES `tenant` (`id`);

--
-- Limitadores para a tabela `tenant`
--
ALTER TABLE `tenant`
  ADD CONSTRAINT `tenant_rede_id_foreign` FOREIGN KEY (`rede_id`) REFERENCES `redes` (`id`);

--
-- Limitadores para a tabela `tiposprodutos`
--
ALTER TABLE `tiposprodutos`
  ADD CONSTRAINT `tiposprodutos_tenant_id_foreign` FOREIGN KEY (`tenant_id`) REFERENCES `tenant` (`id`);

--
-- Limitadores para a tabela `todolist`
--
ALTER TABLE `todolist`
  ADD CONSTRAINT `todolist_tenant_id_foreign` FOREIGN KEY (`tenant_id`) REFERENCES `tenant` (`id`),
  ADD CONSTRAINT `todolist_usuario_id_foreign` FOREIGN KEY (`usuario_id`) REFERENCES `usuarios` (`id`);

--
-- Limitadores para a tabela `usuarios`
--
ALTER TABLE `usuarios`
  ADD CONSTRAINT `usuarios_cor_profile_id_foreign` FOREIGN KEY (`cor_profile_id`) REFERENCES `cor_profile` (`id`),
  ADD CONSTRAINT `usuarios_funcao_id_foreign` FOREIGN KEY (`funcao_id`) REFERENCES `funcoes` (`id`),
  ADD CONSTRAINT `usuarios_grupo_acesso_id_foreign` FOREIGN KEY (`grupo_acesso_id`) REFERENCES `grupos_acesso` (`id`),
  ADD CONSTRAINT `usuarios_tenant_id_foreign` FOREIGN KEY (`tenant_id`) REFERENCES `tenant` (`id`);

/*!40101 SET CHARACTER_SET_CLIENT=@OLD_CHARACTER_SET_CLIENT */;
/*!40101 SET CHARACTER_SET_RESULTS=@OLD_CHARACTER_SET_RESULTS */;
/*!40101 SET COLLATION_CONNECTION=@OLD_COLLATION_CONNECTION */;
